Date,Time,Temp (F),RH (%),Wind Spd (mph),Precip (in),
2022-01-08,00:51,13,70,10,0.00,
2022-01-08,01:51,14,70,10,0.00,
2022-01-08,02:51,15,69,14,0.00,
2022-01-08,03:51,16,64,11,0.00,
2022-01-08,04:51,16,67,14,0.00,
2022-01-08,05:51,16,67,10,0.00,
2022-01-08,06:51,16,67,14,0.00,
2022-01-08,07:51,17,64,15,0.00,
2022-01-08,08:51,19,56,14,0.00,
2022-01-08,09:51,22,52,18,0.00,
2022-01-08,10:51,22,54,11,0.00,
2022-01-08,11:51,24,56,20,0.00,
2022-01-08,12:51,25,59,13,0.00,
2022-01-08,13:51,26,62,15,0.00,
2022-01-08,14:51,27,74,10,0.00,
2022-01-08,15:51,27,84,8,0.00,
2022-01-08,16:51,28,84,11,0.01,
2022-01-08,18:00,29,88,10,0.00,
2022-01-08,18:51,30,88,6,0.01,
2022-01-08,19:51,31,88,8,0.00,
2022-01-08,20:51,32,88,8,0.01,
2022-01-08,21:51,33,88,8,0.01,
2022-01-08,22:51,34,88,7,0.01,
2022-01-08,23:51,34,88,6,0.00,
2022-01-09,00:51,34,88,7,0.00,
2022-01-09,01:51,34,85,10,0.00,
2022-01-09,02:51,33,84,9,0.00,
2022-01-09,03:51,32,81,14,0.00,
2022-01-09,04:51,32,81,10,0.00,
2022-01-09,05:51,31,81,13,0.00,
2022-01-09,06:51,30,78,11,0.00,
2022-01-09,07:51,29,78,14,0.00,
2022-01-09,08:51,26,62,16,0.00,
2022-01-09,09:51,24,54,16,0.00,
2022-01-09,10:51,23,52,18,0.00,
2022-01-09,11:51,20,51,17,0.00,
2022-01-09,12:51,20,51,15,0.00,
2022-01-09,13:51,20,47,15,0.00,
2022-01-09,14:51,20,47,11,0.00,
2022-01-09,15:51,19,40,14,0.00,
2022-01-09,16:51,16,53,11,0.00,
2022-01-09,18:00,14,55,10,0.00,
2022-01-09,18:51,12,55,9,0.00,
2022-01-09,19:51,11,55,9,0.00,
2022-01-09,20:51,11,55,10,0.00,
2022-01-09,21:51,10,60,11,0.00,
2022-01-09,22:51,10,60,9,0.00,
2022-01-09,23:51,10,60,8,0.00,
2022-01-10,00:51,11,60,7,0.00,
2022-01-10,01:51,12,55,7,0.00,
2022-01-10,02:51,13,55,10,0.00,
2022-01-10,03:51,13,58,10,0.00,
2022-01-10,04:51,14,61,8,0.00,
2022-01-10,05:51,14,70,6,0.00,
2022-01-10,06:51,14,70,5,0.00,
2022-01-10,07:51,14,66,7,0.00,
2022-01-10,08:51,14,58,14,0.00,
2022-01-10,09:51,15,45,14,0.00,
2022-01-10,10:51,16,38,13,0.00,
2022-01-10,11:51,16,38,15,0.00,
2022-01-10,12:51,16,42,10,0.00,
2022-01-10,13:51,14,37,15,0.00,
2022-01-10,14:51,12,35,14,0.00,
2022-01-10,15:51,12,35,11,0.00,
2022-01-10,16:51,11,41,9,0.00,
2022-01-10,18:00,9,41,11,0.00,
2022-01-10,18:51,8,44,9,0.00,
2022-01-10,19:51,8,42,8,0.00,
2022-01-10,20:51,7,46,5,0.00,
2022-01-10,21:51,6,48,5,0.00,
2022-01-10,22:51,6,48,0,0.00,
2022-01-10,23:51,6,53,0,0.00,
2022-01-11,00:51,5,59,5,0.00,
2022-01-11,01:51,5,51,0,0.00,
2022-01-11,02:51,5,54,3,0.00,
2022-01-11,03:51,6,48,3,0.00,
2022-01-11,04:51,6,59,3,0.00,
2022-01-11,05:51,7,54,6,0.00,
2022-01-11,06:51,7,54,6,0.00,
2022-01-11,07:51,8,49,8,0.00,
2022-01-11,08:51,11,43,13,0.00,
2022-01-11,09:51,14,39,13,0.00,
2022-01-11,10:51,18,38,17,0.00,
2022-01-11,11:51,21,41,17,0.00,
2022-01-11,12:51,25,45,20,0.00,
2022-01-11,13:51,28,52,20,0.00,
2022-01-11,14:51,31,56,24,0.00,
2022-01-11,15:51,33,58,20,0.00,
2022-01-11,16:51,34,60,21,0.00,
2022-01-11,18:00,34,66,23,0.00,
2022-01-11,18:51,35,63,18,0.00,
2022-01-11,19:51,35,66,20,0.00,
2022-01-11,20:51,35,66,21,0.00,
2022-01-11,21:51,35,69,18,0.00,
2022-01-11,22:51,36,66,14,0.00,
2022-01-11,23:51,35,69,11,0.00,
2022-01-12,00:51,36,66,13,0.00,
2022-01-12,01:51,36,66,11,0.00,
2022-01-12,02:51,35,69,10,0.00,
2022-01-12,03:51,34,72,7,0.00,
2022-01-12,04:51,34,72,10,0.00,
2022-01-12,05:51,33,75,8,0.00,
2022-01-12,06:51,33,75,10,0.00,
2022-01-12,07:51,34,72,9,0.00,
2022-01-12,08:51,35,72,6,0.00,
2022-01-12,09:51,36,69,6,0.00,
2022-01-12,10:51,38,67,9,0.00,
2022-01-12,11:51,39,66,8,0.00,
2022-01-12,12:51,40,64,11,0.00,
2022-01-12,13:51,40,64,6,0.00,
2022-01-12,14:51,40,69,6,0.00,
2022-01-12,15:51,41,64,6,0.00,
2022-01-12,16:51,39,69,6,0.00,
2022-01-12,18:00,38,72,0,0.00,
2022-01-12,18:51,37,75,0,0.00,
2022-01-12,19:51,36,75,0,0.00,
2022-01-12,20:51,34,78,3,0.00,
2022-01-12,21:51,32,81,0,0.00,
2022-01-12,22:51,32,81,0,0.00,
2022-01-12,23:51,32,85,0,0.00,
2022-01-13,00:51,32,81,0,0.00,
2022-01-13,01:51,29,84,6,0.00,
2022-01-13,02:51,33,88,3,0.00,
2022-01-13,03:51,34,88,7,0.00,
2022-01-13,04:51,35,88,9,0.00,
2022-01-13,05:51,35,84,8,0.00,
2022-01-13,06:51,35,84,10,0.00,
2022-01-13,07:51,35,84,9,0.00,
2022-01-13,08:51,36,81,5,0.00,
2022-01-13,09:51,38,75,7,0.00,
2022-01-13,10:51,37,78,7,0.00,
2022-01-13,11:51,38,75,10,0.00,
2022-01-13,12:51,39,75,8,0.00,
2022-01-13,13:51,39,72,5,0.00,
2022-01-13,14:51,40,73,3,0.00,
2022-01-13,15:51,39,72,0,0.00,
2022-01-13,16:51,37,78,5,0.00,
2022-01-13,18:00,37,78,0,0.00,
2022-01-13,18:51,37,78,0,0.00,
2022-01-13,19:51,37,78,0,0.00,
2022-01-13,20:51,37,78,3,0.00,
2022-01-13,21:51,37,75,8,0.00,
2022-01-13,22:51,36,78,13,0.00,
2022-01-13,23:51,35,81,14,0.00,
2022-01-14,00:51,35,81,11,0.00,
2022-01-14,01:51,34,88,11,0.00,
2022-01-14,02:51,34,85,15,0.00,
2022-01-14,03:51,34,81,20,0.00,
2022-01-14,04:51,33,77,16,0.00,
2022-01-14,05:51,33,77,16,0.00,
2022-01-14,06:51,32,78,17,0.00,
2022-01-14,07:51,32,75,16,0.00,
2022-01-14,08:51,32,75,15,0.00,
2022-01-14,09:51,31,75,17,0.00,
2022-01-14,10:51,31,72,17,0.00,
2022-01-14,11:51,30,71,17,0.00,
2022-01-14,12:51,30,74,16,0.00,
2022-01-14,13:51,30,78,15,0.00,
2022-01-14,14:51,31,75,15,0.00,
2022-01-14,15:51,31,78,14,0.00,
2022-01-14,16:51,30,78,18,0.00,
2022-01-14,18:00,30,78,17,0.00,
2022-01-14,18:51,30,78,17,0.00,
2022-01-14,19:51,29,74,20,0.00,
2022-01-14,20:51,28,77,15,0.00,
2022-01-14,21:51,27,81,16,0.01,
2022-01-14,22:51,27,81,17,0.00,
2022-01-14,23:51,26,80,22,0.00,
2022-01-15,00:51,25,84,17,0.00,
2022-01-15,01:51,25,84,16,0.00,
2022-01-15,02:51,25,84,16,0.01,
2022-01-15,03:51,25,80,14,0.00,
2022-01-15,04:51,23,84,18,0.01,
2022-01-15,05:51,23,80,16,0.00,
2022-01-15,06:51,23,74,18,0.00,
2022-01-15,07:51,22,71,17,0.00,
2022-01-15,08:51,22,71,18,0.00,
2022-01-15,09:51,22,71,17,0.00,
2022-01-15,10:51,23,67,16,0.00,
2022-01-15,11:51,23,67,16,0.00,
2022-01-15,12:51,23,67,14,0.00,
2022-01-15,13:51,24,68,16,0.00,
2022-01-15,14:51,24,64,17,0.00,
2022-01-15,15:51,23,67,15,0.00,
2022-01-15,16:51,23,64,13,0.00,
2022-01-15,18:00,22,67,10,m,
2022-01-15,18:51,22,67,8,0.00,
2022-01-15,19:51,21,70,8,0.00,
2022-01-15,20:51,19,73,5,0.00,
2022-01-15,21:51,20,70,3,0.00,
2022-01-15,22:51,19,70,0,0.00,
2022-01-15,23:51,17,73,0,0.00,
2022-01-16,00:51,16,80,5,0.00,
2022-01-16,01:51,16,73,3,0.00,
2022-01-16,02:51,16,70,3,0.00,
2022-01-16,03:51,13,76,3,0.00,
2022-01-16,04:51,14,73,0,0.00,
2022-01-16,05:51,14,73,0,0.00,
2022-01-16,06:51,13,73,0,0.00,
2022-01-16,07:51,12,83,3,0.00,
2022-01-16,08:51,17,76,5,0.00,
2022-01-16,09:51,19,73,5,0.00,
2022-01-16,10:51,22,67,8,0.00,
2022-01-16,11:51,25,54,5,0.00,
2022-01-16,12:51,26,47,0,0.00,
2022-01-16,13:51,27,48,5,0.00,
2022-01-16,14:51,27,48,6,0.00,
2022-01-16,15:51,27,50,5,0.00,
2022-01-16,16:51,27,52,5,0.00,
2022-01-16,18:00,26,59,7,0.00,
2022-01-16,18:51,25,59,5,0.00,
2022-01-16,19:51,24,77,7,0.01,
2022-01-16,20:51,23,80,7,0.00,
2022-01-16,21:51,23,80,7,0.00,
2022-01-16,22:51,24,74,9,0.00,
2022-01-16,23:51,23,77,13,0.00,
2022-01-17,00:51,23,77,10,0.00,
2022-01-17,01:51,23,80,13,0.00,
2022-01-17,02:51,24,77,14,0.00,
2022-01-17,03:51,24,77,11,0.00,
2022-01-17,04:51,24,74,15,0.00,
2022-01-17,05:51,24,70,15,0.00,
2022-01-17,06:51,24,74,10,0.00,
2022-01-17,07:51,24,74,15,0.00,
2022-01-17,08:51,25,74,11,0.00,
2022-01-17,09:51,26,74,14,0.00,
2022-01-17,10:51,27,68,11,0.00,
2022-01-17,11:51,27,68,16,0.00,
2022-01-17,12:51,28,65,15,0.00,
2022-01-17,13:51,27,68,9,0.00,
2022-01-17,14:51,28,65,11,0.00,
2022-01-17,15:51,28,65,11,0.00,
2022-01-17,16:51,28,65,10,0.00,
2022-01-17,18:00,28,65,7,0.00,
2022-01-17,18:51,27,71,7,0.00,
2022-01-17,19:51,27,71,7,0.00,
2022-01-17,20:51,26,74,8,0.00,
2022-01-17,21:51,25,77,7,0.00,
2022-01-17,22:51,24,77,7,0.00,
2022-01-17,23:51,23,77,9,0.00,
2022-01-18,00:51,21,84,9,0.00,
2022-01-18,01:51,21,80,8,0.00,
2022-01-18,02:51,20,81,5,0.00,
2022-01-18,03:51,21,80,6,0.00,
2022-01-18,04:51,22,81,7,0.00,
2022-01-18,05:51,22,81,5,0.00,
2022-01-18,06:51,23,77,7,0.00,
2022-01-18,07:51,23,80,10,0.00,
2022-01-18,08:51,26,77,8,0.00,
2022-01-18,09:51,29,68,11,0.00,
2022-01-18,10:51,32,60,15,0.00,
2022-01-18,11:51,34,66,10,0.00,
2022-01-18,12:51,38,64,14,0.00,
2022-01-18,13:51,41,61,22,0.00,
2022-01-18,14:51,43,62,17,0.00,
2022-01-18,15:51,44,62,20,0.00,
2022-01-18,16:51,43,67,18,0.00,
2022-01-18,18:00,43,67,17,0.00,
2022-01-18,18:51,42,70,20,0.00,
2022-01-18,19:51,42,70,18,0.00,
2022-01-18,20:51,42,70,18,0.00,
2022-01-18,21:51,41,73,18,0.00,
2022-01-18,22:51,40,76,16,0.00,
2022-01-18,23:51,40,76,15,0.00,
2022-01-19,00:51,39,75,13,0.00,
2022-01-19,01:51,38,75,13,0.00,
2022-01-19,02:51,36,78,14,0.00,
2022-01-19,03:51,35,69,14,0.00,
2022-01-19,04:51,31,63,14,0.00,
2022-01-19,05:51,27,65,11,0.00,
2022-01-19,06:51,25,68,11,0.00,
2022-01-19,07:51,22,67,14,0.00,
2022-01-19,08:51,21,64,14,0.00,
2022-01-19,09:51,20,61,15,0.00,
2022-01-19,10:51,20,59,11,0.00,
2022-01-19,11:51,20,59,15,0.00,
2022-01-19,12:51,21,54,16,0.00,
2022-01-19,13:51,21,54,11,0.00,
2022-01-19,14:51,20,54,13,0.00,
2022-01-19,15:51,19,53,11,0.00,
2022-01-19,16:51,17,55,14,0.00,
2022-01-19,18:00,16,58,9,m,
2022-01-19,18:51,15,58,10,0.00,
2022-01-19,19:51,14,58,13,0.00,
2022-01-19,20:51,13,58,16,0.00,
2022-01-19,21:51,12,57,10,0.00,
2022-01-19,22:51,11,60,11,0.00,
2022-01-19,23:51,10,63,13,0.00,
2022-01-20,00:51,10,60,11,0.00,
2022-01-20,01:51,9,63,13,0.00,
2022-01-20,02:51,9,60,14,0.00,
2022-01-20,03:51,8,62,14,0.00,
2022-01-20,04:51,8,60,9,0.00,
2022-01-20,05:51,7,63,9,0.00,
2022-01-20,06:51,7,59,8,0.00,
2022-01-20,07:51,7,63,13,0.00,
2022-01-20,08:51,9,57,13,0.00,
2022-01-20,09:51,12,55,10,0.00,
2022-01-20,10:51,15,48,11,0.00,
2022-01-20,11:51,16,46,10,0.00,
2022-01-20,12:51,18,42,10,0.00,
2022-01-20,13:51,19,38,8,0.00,
2022-01-20,14:51,18,40,8,0.00,
2022-01-20,15:51,18,42,8,0.00,
2022-01-20,16:51,15,48,8,0.00,
2022-01-20,18:00,12,57,8,m,
2022-01-20,18:51,12,57,8,0.00,
2022-01-20,19:51,11,60,10,0.00,
2022-01-20,20:51,10,63,7,0.00,
2022-01-20,21:51,9,63,7,0.00,
2022-01-20,22:51,8,68,5,0.00,
2022-01-20,23:51,8,66,5,0.00,
2022-01-21,00:51,8,66,3,0.00,
2022-01-21,01:51,7,69,5,0.00,
2022-01-21,02:51,7,69,6,0.00,
2022-01-21,03:51,7,72,8,0.00,
2022-01-21,04:51,9,69,3,0.00,
2022-01-21,05:51,10,69,0,0.00,
2022-01-21,06:51,10,69,0,0.00,
2022-01-21,07:51,11,72,0,0.00,
2022-01-21,08:51,14,70,3,0.00,
2022-01-21,09:51,19,58,6,0.00,
2022-01-21,10:51,21,56,7,0.00,
2022-01-21,11:51,23,52,7,0.00,
2022-01-21,12:51,24,49,11,0.00,
2022-01-21,13:51,24,49,10,0.00,
2022-01-21,14:51,25,48,11,0.00,
2022-01-21,15:51,24,51,8,0.00,
2022-01-21,16:51,22,56,9,0.00,
2022-01-21,18:00,22,56,6,m,
2022-01-21,18:51,21,59,7,0.00,
2022-01-21,19:51,20,64,7,0.00,
2022-01-21,20:51,19,67,9,0.00,
2022-01-21,21:51,19,67,8,0.00,
2022-01-21,22:51,19,64,7,0.00,
2022-01-21,23:51,20,61,10,0.00,
2022-01-22,00:51,20,59,15,0.00,
2022-01-22,01:51,20,61,13,0.00,
2022-01-22,02:51,19,64,15,0.00,
2022-01-22,03:51,20,64,18,0.00,
2022-01-22,04:51,20,64,20,0.00,
2022-01-22,05:51,20,70,13,0.00,
2022-01-22,06:51,20,73,17,0.00,
2022-01-22,07:51,21,73,14,0.00,
2022-01-22,08:51,22,71,14,0.00,
2022-01-22,09:51,24,68,14,0.00,
2022-01-22,10:51,25,65,14,0.00,
2022-01-22,11:51,28,62,14,0.00,
2022-01-22,12:51,31,56,18,0.00,
2022-01-22,13:51,32,51,20,0.00,
2022-01-22,14:51,32,43,16,0.00,
2022-01-22,15:51,31,42,14,0.00,
2022-01-22,16:51,28,44,13,0.00,
2022-01-22,18:00,26,54,11,0.00,
2022-01-22,18:51,24,59,11,0.00,
2022-01-22,19:51,23,57,14,0.00,
2022-01-22,20:51,22,56,16,0.00,
2022-01-22,21:51,21,64,14,0.00,
2022-01-22,22:51,20,77,7,0.01,
2022-01-22,23:51,20,81,0,0.01,
2022-01-23,00:51,20,84,5,0.03,
2022-01-23,01:51,20,84,6,0.07,
2022-01-23,02:51,21,84,6,0.06,
2022-01-23,03:51,20,84,10,0.04,
2022-01-23,04:51,19,84,15,0.02,
2022-01-23,05:51,19,84,17,0.01,
2022-01-23,06:51,17,76,17,0.00,
2022-01-23,07:51,16,76,17,0.00,
2022-01-23,08:51,15,76,20,0.00,
2022-01-23,09:51,15,73,16,0.00,
2022-01-23,10:51,16,67,14,0.01,
2022-01-23,11:51,18,61,13,0.00,
2022-01-23,12:51,20,54,9,0.00,
2022-01-23,13:51,20,49,7,0.00,
2022-01-23,14:51,19,51,8,0.00,
2022-01-23,15:51,16,55,10,0.00,
2022-01-23,16:51,13,58,9,0.00,
2022-01-23,18:00,11,60,7,0.00,
2022-01-23,18:51,10,60,5,0.00,
2022-01-23,19:51,9,63,3,0.00,
2022-01-23,20:51,8,68,0,0.00,
2022-01-23,21:51,9,69,5,0.00,
2022-01-23,22:51,11,66,7,0.00,
2022-01-23,23:51,12,66,6,0.00,
2022-01-24,00:51,13,60,5,0.00,
2022-01-24,01:51,13,73,8,0.00,
2022-01-24,02:51,14,73,8,0.00,
2022-01-24,03:51,15,76,8,0.00,
2022-01-24,04:51,16,80,9,0.01,
2022-01-24,05:51,17,80,7,0.04,
2022-01-24,06:51,18,84,6,0.05,
2022-01-24,07:51,19,84,7,0.02,
2022-01-24,08:51,21,84,5,0.02,
2022-01-24,09:51,23,87,6,0.00,
2022-01-24,10:51,25,84,7,0.00,
2022-01-24,11:51,25,74,10,0.00,
2022-01-24,12:51,25,71,11,0.00,
2022-01-24,13:51,24,70,10,0.00,
2022-01-24,14:51,22,71,13,0.00,
2022-01-24,15:51,21,67,14,0.00,
2022-01-24,16:51,18,67,17,0.00,
2022-01-24,18:00,15,66,14,m,
2022-01-24,18:51,14,66,11,0.00,
2022-01-24,19:51,13,70,9,0.00,
2022-01-24,20:51,13,66,9,0.00,
2022-01-24,21:51,12,66,13,0.00,
2022-01-24,22:51,11,69,11,0.00,
2022-01-24,23:51,10,69,10,0.00,
2022-01-25,00:51,10,66,11,0.00,
2022-01-25,01:51,9,69,13,0.00,
2022-01-25,02:51,8,66,10,0.00,
2022-01-25,03:51,7,65,9,0.00,
2022-01-25,04:51,5,69,10,0.00,
2022-01-25,05:51,5,62,9,0.00,
2022-01-25,06:51,4,65,9,0.00,
2022-01-25,07:51,3,68,9,0.00,
2022-01-25,08:51,5,62,10,0.00,
2022-01-25,09:51,8,57,11,0.00,
2022-01-25,10:51,11,50,9,0.00,
2022-01-25,11:51,12,50,13,0.00,
2022-01-25,12:51,12,47,13,0.00,
2022-01-25,13:51,12,47,9,0.00,
2022-01-25,14:51,11,50,9,0.00,
2022-01-25,15:51,11,50,8,0.00,
2022-01-25,16:51,9,49,13,0.00,
2022-01-25,18:00,7,51,10,0.00,
2022-01-25,18:51,4,59,9,0.00,
2022-01-25,19:51,4,56,8,0.00,
2022-01-25,20:51,3,56,9,0.00,
2022-01-25,21:51,2,56,7,0.00,
2022-01-25,22:51,1,59,8,0.00,
2022-01-25,23:51,-0,58,9,0.00,
2022-01-26,00:51,-1,58,8,0.00,
2022-01-26,01:51,-1,58,8,0.00,
2022-01-26,02:51,-2,58,8,0.00,
2022-01-26,03:51,-3,57,7,0.00,
2022-01-26,04:51,-4,60,7,0.00,
2022-01-26,05:51,-4,60,6,0.00,
2022-01-26,06:51,-5,64,5,0.00,
2022-01-26,07:51,-5,71,3,0.00,
2022-01-26,08:51,-3,64,5,0.00,
2022-01-26,09:51,1,59,7,0.00,
2022-01-26,10:51,4,51,10,0.00,
2022-01-26,11:51,7,46,10,0.00,
2022-01-26,12:51,8,47,11,0.00,
2022-01-26,13:51,9,45,10,0.00,
2022-01-26,14:51,10,43,13,0.00,
2022-01-26,15:51,10,43,10,0.00,
2022-01-26,16:51,10,47,7,0.00,
2022-01-26,18:00,9,54,10,m,
2022-01-26,18:51,7,63,8,0.00,
2022-01-26,19:51,7,63,9,0.00,
2022-01-26,20:51,8,62,10,0.00,
2022-01-26,21:51,10,57,9,0.00,
2022-01-26,22:51,14,52,11,0.00,
2022-01-26,23:51,15,53,15,0.00,
2022-01-27,00:51,16,53,15,0.00,
2022-01-27,01:51,18,53,15,0.00,
2022-01-27,02:51,19,53,17,0.00,
2022-01-27,03:51,19,56,16,0.00,
2022-01-27,04:51,20,56,11,0.00,
2022-01-27,05:51,22,54,11,0.00,
2022-01-27,06:51,23,54,13,0.00,
2022-01-27,07:51,24,54,15,0.00,
2022-01-27,08:51,25,54,14,0.00,
2022-01-27,09:51,27,54,16,0.00,
2022-01-27,10:51,28,57,16,0.00,
2022-01-27,11:51,28,60,15,0.00,
2022-01-27,12:51,30,60,13,0.00,
2022-01-27,13:51,30,65,8,0.00,
2022-01-27,14:51,31,63,9,0.00,
2022-01-27,15:51,32,63,10,0.00,
2022-01-27,16:51,30,68,8,0.00,
2022-01-27,18:00,29,71,8,m,
2022-01-27,18:51,29,74,6,0.00,
2022-01-27,19:51,29,74,6,0.00,
2022-01-27,20:51,28,68,16,0.00,
2022-01-27,21:51,28,65,11,0.00,
2022-01-27,22:51,27,62,13,0.00,
2022-01-27,23:51,26,71,14,0.00,
2022-01-28,00:51,24,80,16,0.00,
2022-01-28,01:51,22,71,15,0.01,
2022-01-28,02:51,20,67,15,0.00,
2022-01-28,03:51,19,73,11,0.00,
2022-01-28,04:51,17,80,15,0.00,
2022-01-28,05:51,16,80,13,0.01,
2022-01-28,06:51,15,80,11,0.00,
2022-01-28,07:51,15,80,10,0.01,
2022-01-28,08:51,15,80,9,0.01,
2022-01-28,09:51,16,76,10,0.02,
2022-01-28,10:51,17,76,8,0.00,
2022-01-28,11:51,18,70,6,0.02,
2022-01-28,12:51,20,61,5,0.00,
2022-01-28,13:51,23,54,7,0.00,
2022-01-28,14:51,22,56,7,0.00,
2022-01-28,15:51,22,52,6,0.00,
2022-01-28,16:51,20,56,9,0.00,
2022-01-28,18:00,17,58,6,0.00,
2022-01-28,18:51,14,58,8,0.00,
2022-01-28,19:51,14,58,6,0.00,
2022-01-28,20:51,14,58,7,0.00,
2022-01-28,21:51,13,60,8,0.00,
2022-01-28,22:51,12,63,6,0.00,
2022-01-28,23:51,12,63,5,0.00,
2022-01-29,00:51,12,57,7,0.00,
2022-01-29,01:51,10,63,6,0.00,
2022-01-29,02:51,8,68,7,0.00,
2022-01-29,03:51,9,66,9,0.00,
2022-01-29,04:51,10,66,6,0.00,
2022-01-29,05:51,10,66,7,0.00,
2022-01-29,06:51,8,68,5,0.00,
2022-01-29,07:51,8,72,7,0.00,
2022-01-29,08:51,11,66,6,0.00,
2022-01-29,09:51,13,63,9,0.00,
2022-01-29,10:51,16,53,8,0.00,
2022-01-29,11:51,18,48,8,0.00,
2022-01-29,12:51,20,47,8,0.00,
2022-01-29,13:51,20,47,7,0.00,
2022-01-29,14:51,21,45,10,0.00,
2022-01-29,15:51,22,49,10,0.00,
2022-01-29,16:51,21,49,8,0.00,
2022-01-29,18:00,20,56,7,0.00,
2022-01-29,18:51,20,59,9,0.00,
2022-01-29,19:51,21,56,9,0.00,
2022-01-29,20:51,21,59,8,0.00,
2022-01-29,21:51,20,59,8,0.00,
2022-01-29,22:51,19,61,7,0.00,
2022-01-29,23:51,16,67,6,0.00,
2022-01-30,00:51,17,70,7,0.00,
2022-01-30,01:51,17,70,6,0.00,
2022-01-30,02:51,15,69,0,0.00,
2022-01-30,03:51,14,70,0,0.00,
2022-01-30,04:51,12,72,0,0.00,
2022-01-30,05:51,13,73,5,0.00,
2022-01-30,06:51,15,80,10,0.00,
2022-01-30,07:51,14,76,9,0.00,
2022-01-30,08:51,18,70,9,0.00,
2022-01-30,09:51,21,70,8,0.00,
2022-01-30,10:51,26,65,7,0.00,
2022-01-30,11:51,29,63,8,0.00,
2022-01-30,12:51,30,63,5,0.00,
2022-01-30,13:51,29,68,8,0.00,
2022-01-30,14:51,30,63,9,0.00,
2022-01-30,15:51,29,63,10,0.00,
2022-01-30,16:51,28,60,7,0.00,
2022-01-30,18:00,27,62,8,m,
2022-01-30,18:51,27,62,6,0.00,
2022-01-30,19:51,27,62,5,0.00,
2022-01-30,20:51,27,62,3,0.00,
2022-01-30,21:51,27,62,5,0.00,
2022-01-30,22:51,26,68,3,0.00,
2022-01-30,23:51,26,65,6,0.00,
2022-01-31,00:51,26,68,3,0.00,
2022-01-31,01:51,26,68,0,0.00,
2022-01-31,02:51,26,68,0,0.00,
2022-01-31,03:51,26,68,0,0.00,
2022-01-31,04:51,26,68,0,0.00,
2022-01-31,05:51,26,71,0,0.00,
2022-01-31,06:51,27,68,0,0.00,
2022-01-31,07:51,27,71,3,0.00,
2022-01-31,08:51,28,68,7,0.00,
2022-01-31,09:51,30,65,7,0.00,
2022-01-31,10:51,32,65,11,0.00,
2022-01-31,11:51,33,60,15,0.00,
2022-01-31,12:51,33,58,15,0.00,
2022-01-31,13:51,33,55,16,0.00,
2022-01-31,14:51,33,53,14,0.00,
2022-01-31,15:51,33,53,13,0.00,
2022-01-31,16:51,32,60,13,0.00,
2022-01-31,18:00,31,63,13,0.00,
2022-01-31,18:51,31,63,11,0.00,
2022-01-31,19:51,31,63,14,0.00,
2022-01-31,20:51,31,63,13,0.00,
2022-01-31,21:51,31,63,9,0.00,
2022-01-31,22:51,32,63,10,0.00,
2022-01-31,23:51,33,63,13,0.00,
2022-02-01,00:51,33,63,9,0.00,
2022-02-01,01:51,33,63,13,0.00,
2022-02-01,02:51,35,58,13,0.00,
2022-02-01,03:51,35,61,15,0.00,
2022-02-01,04:51,36,58,13,0.00,
2022-02-01,05:51,36,61,14,0.00,
2022-02-01,06:51,37,61,14,0.00,
2022-02-01,07:51,38,64,18,0.00,
2022-02-01,08:51,40,64,14,0.00,
2022-02-01,09:51,44,59,16,0.00,
2022-02-01,10:51,44,65,11,0.00,
2022-02-01,11:51,45,65,14,0.00,
2022-02-01,12:51,46,65,16,0.00,
2022-02-01,13:51,44,76,8,0.01,
2022-02-01,14:51,42,82,15,0.03,
2022-02-01,15:51,40,82,6,0.04,
2022-02-01,16:51,39,81,9,0.00,
2022-02-01,18:00,38,82,7,0.00,
2022-02-01,18:51,38,82,7,0.00,
2022-02-01,19:51,37,81,9,0.00,
2022-02-01,20:51,36,72,5,0.00,
2022-02-01,21:51,35,72,7,0.00,
2022-02-01,22:51,33,77,6,0.00,
2022-02-01,23:51,33,69,6,0.01,
2022-02-02,00:51,31,68,9,0.00,
2022-02-02,01:51,30,65,14,0.00,
2022-02-02,02:51,28,77,0,0.01,
2022-02-02,03:51,26,80,9,0.02,
2022-02-02,04:51,25,84,11,0.02,
2022-02-02,05:51,24,80,15,0.03,
2022-02-02,06:51,22,84,15,0.04,
2022-02-02,07:51,19,84,15,0.04,
2022-02-02,08:51,18,84,16,0.03,
2022-02-02,09:51,18,80,21,0.01,
2022-02-02,10:51,17,80,18,0.02,
2022-02-02,11:51,17,80,14,0.05,
2022-02-02,12:51,17,80,14,0.01,
2022-02-02,13:51,18,77,16,0.02,
2022-02-02,14:51,19,70,22,0.00,
2022-02-02,15:51,20,70,21,0.00,
2022-02-02,16:51,20,67,20,0.00,
2022-02-02,18:00,19,67,17,m,
2022-02-02,18:51,19,64,15,0.00,
2022-02-02,19:51,17,64,20,0.00,
2022-02-02,20:51,17,64,20,0.00,
2022-02-02,21:51,17,64,21,0.00,
2022-02-02,22:51,17,61,15,0.00,
2022-02-02,23:51,16,64,16,0.00,
2022-02-03,00:51,16,64,18,0.00,
2022-02-03,01:51,17,64,21,0.00,
2022-02-03,02:51,17,67,18,0.00,
2022-02-03,03:51,17,70,18,0.00,
2022-02-03,04:51,18,70,14,0.00,
2022-02-03,05:51,18,73,18,0.00,
2022-02-03,06:51,17,73,20,0.00,
2022-02-03,07:51,16,73,16,0.00,
2022-02-03,08:51,17,73,21,0.00,
2022-02-03,09:51,17,76,15,0.00,
2022-02-03,10:51,18,77,21,0.00,
2022-02-03,11:51,19,73,16,0.00,
2022-02-03,12:51,19,73,22,0.00,
2022-02-03,13:51,19,76,21,0.00,
2022-02-03,14:51,21,73,20,0.00,
2022-02-03,15:51,21,77,17,0.00,
2022-02-03,16:51,22,77,21,0.00,
2022-02-03,18:00,24,70,22,m,
2022-02-03,18:51,24,68,17,0.00,
2022-02-03,19:51,24,68,17,0.00,
2022-02-03,20:51,21,73,9,0.00,
2022-02-03,21:51,19,73,14,0.00,
2022-02-03,22:51,18,77,13,0.00,
2022-02-03,23:51,18,73,13,0.00,
2022-02-04,00:51,17,73,10,0.00,
2022-02-04,01:51,16,73,13,0.00,
2022-02-04,02:51,15,73,7,0.00,
2022-02-04,03:51,14,73,7,0.00,
2022-02-04,04:51,13,73,6,0.00,
2022-02-04,05:51,12,76,6,0.00,
2022-02-04,06:51,12,76,6,0.00,
2022-02-04,07:51,13,76,6,0.00,
2022-02-04,08:51,14,76,3,0.00,
2022-02-04,09:51,19,70,3,0.00,
2022-02-04,10:51,22,56,3,0.00,
2022-02-04,11:51,22,52,7,0.00,
2022-02-04,12:51,23,52,10,0.00,
2022-02-04,13:51,23,45,10,0.00,
2022-02-04,14:51,24,49,13,0.00,
2022-02-04,15:51,22,56,10,0.00,
2022-02-04,16:51,20,77,8,0.00,
2022-02-04,18:00,19,80,11,0.01,
2022-02-04,18:51,19,76,10,0.00,
2022-02-04,19:51,18,77,16,0.00,
2022-02-04,20:51,15,69,11,0.00,
2022-02-04,21:51,12,69,13,0.00,
2022-02-04,22:51,11,69,13,0.00,
2022-02-04,23:51,11,72,7,0.00,
2022-02-05,00:51,10,75,8,0.00,
2022-02-05,01:51,9,72,7,0.00,
2022-02-05,02:51,7,72,11,0.00,
2022-02-05,03:51,6,75,8,0.00,
2022-02-05,04:51,6,72,6,0.00,
2022-02-05,05:51,5,75,5,0.00,
2022-02-05,06:51,4,75,7,0.00,
2022-02-05,07:51,5,79,3,0.00,
2022-02-05,08:51,8,72,5,0.00,
2022-02-05,09:51,11,66,7,0.00,
2022-02-05,10:51,14,61,10,0.00,
2022-02-05,11:51,17,53,13,0.00,
2022-02-05,12:51,18,53,13,0.00,
2022-02-05,13:51,18,53,13,0.00,
2022-02-05,14:51,19,53,15,0.00,
2022-02-05,15:51,19,51,15,0.00,
2022-02-05,16:51,17,53,20,0.00,
2022-02-05,18:00,15,60,16,m,
2022-02-05,18:51,14,63,18,0.00,
2022-02-05,19:51,15,60,20,0.00,
2022-02-05,20:51,17,55,16,0.00,
2022-02-05,21:51,17,55,15,0.00,
2022-02-05,22:51,17,58,10,0.00,
2022-02-05,23:51,17,61,13,0.00,
2022-02-06,00:51,18,61,15,0.00,
2022-02-06,01:51,19,61,14,0.00,
2022-02-06,02:51,19,64,14,0.00,
2022-02-06,03:51,19,67,14,0.00,
2022-02-06,04:51,19,67,11,0.00,
2022-02-06,05:51,19,67,14,0.00,
2022-02-06,06:51,20,67,14,0.00,
2022-02-06,07:51,21,67,11,0.00,
2022-02-06,08:51,23,67,15,0.00,
2022-02-06,09:51,26,62,13,0.00,
2022-02-06,10:51,29,60,16,0.00,
2022-02-06,11:51,30,60,13,0.00,
2022-02-06,12:51,31,60,14,0.00,
2022-02-06,13:51,32,60,14,0.00,
2022-02-06,14:51,33,60,13,0.00,
2022-02-06,15:51,33,63,13,0.00,
2022-02-06,16:51,32,63,13,0.00,
2022-02-06,18:00,30,68,11,m,
2022-02-06,18:51,30,68,13,0.00,
2022-02-06,19:51,29,71,10,0.00,
2022-02-06,20:51,29,74,11,0.00,
2022-02-06,21:51,30,71,11,0.00,
2022-02-06,22:51,30,78,10,0.00,
2022-02-06,23:51,31,81,9,0.00,
2022-02-07,00:51,29,84,9,0.00,
2022-02-07,01:51,27,81,13,0.00,
2022-02-07,02:51,25,77,11,0.00,
2022-02-07,03:51,23,80,13,0.00,
2022-02-07,04:51,21,84,11,0.00,
2022-02-07,05:51,21,84,10,0.00,
2022-02-07,06:51,22,81,8,0.00,
2022-02-07,07:51,22,67,13,0.00,
2022-02-07,08:51,21,70,14,0.00,
2022-02-07,09:51,22,59,13,0.00,
2022-02-07,10:51,22,65,9,0.00,
2022-02-07,11:51,23,59,9,0.00,
2022-02-07,12:51,23,62,9,0.00,
2022-02-07,13:51,24,56,7,0.00,
2022-02-07,14:51,25,54,8,0.00,
2022-02-07,15:51,24,59,11,0.00,
2022-02-07,16:51,23,59,8,0.00,
2022-02-07,18:00,22,62,6,m,
2022-02-07,18:51,21,64,5,0.00,
2022-02-07,19:51,20,67,5,0.00,
2022-02-07,20:51,19,70,6,0.00,
2022-02-07,21:51,18,73,6,0.00,
2022-02-07,22:51,18,73,3,0.00,
2022-02-07,23:51,19,73,5,0.00,
2022-02-08,00:51,20,70,5,0.00,
2022-02-08,01:51,20,70,5,0.00,
2022-02-08,02:51,19,73,6,0.00,
2022-02-08,03:51,19,73,7,0.00,
2022-02-08,04:51,19,70,7,0.00,
2022-02-08,05:51,19,67,8,0.00,
2022-02-08,06:51,19,67,8,0.00,
2022-02-08,07:51,19,67,10,0.00,
2022-02-08,08:51,23,59,10,0.00,
2022-02-08,09:51,26,59,11,0.00,
2022-02-08,10:51,29,57,13,0.00,
2022-02-08,11:51,31,60,15,0.00,
2022-02-08,12:51,33,58,13,0.00,
2022-02-08,13:51,35,61,14,0.00,
2022-02-08,14:51,35,63,13,0.00,
2022-02-08,15:51,37,61,10,0.00,
2022-02-08,16:51,36,66,13,0.00,
2022-02-08,18:00,36,69,15,0.00,
2022-02-08,18:51,37,69,13,0.00,
2022-02-08,19:51,37,69,11,0.00,
2022-02-08,20:51,37,72,14,0.00,
2022-02-08,21:51,38,69,11,0.00,
2022-02-08,22:51,38,69,11,0.00,
2022-02-08,23:51,37,72,13,0.00,
2022-02-09,00:51,35,75,8,0.00,
2022-02-09,01:51,34,78,9,0.00,
2022-02-09,02:51,33,77,9,0.00,
2022-02-09,03:51,33,77,10,0.00,
2022-02-09,04:51,32,81,10,0.00,
2022-02-09,05:51,33,77,11,0.00,
2022-02-09,06:51,33,77,11,0.00,
2022-02-09,07:51,34,78,10,0.00,
2022-02-09,08:51,35,78,9,0.00,
2022-02-09,09:51,37,72,10,0.00,
2022-02-09,10:51,38,72,14,0.00,
2022-02-09,11:51,40,64,18,0.00,
2022-02-09,12:51,40,67,15,0.00,
2022-02-09,13:51,40,69,14,0.00,
2022-02-09,14:51,39,72,17,0.00,
2022-02-09,15:51,39,72,14,0.00,
2022-02-09,16:51,38,75,11,0.00,
2022-02-09,18:00,38,72,15,m,
2022-02-09,18:51,37,75,10,0.00,
2022-02-09,19:51,37,69,16,0.00,
2022-02-09,20:51,36,75,11,0.00,
2022-02-09,21:51,36,72,11,0.00,
2022-02-09,22:51,35,75,13,0.00,
2022-02-09,23:51,34,78,11,0.00,
2022-02-10,00:51,34,78,13,0.00,
2022-02-10,01:51,33,77,10,0.01,
2022-02-10,02:51,32,72,10,0.00,
2022-02-10,03:51,31,63,15,0.00,
2022-02-10,04:51,30,65,16,0.00,
2022-02-10,05:51,30,63,11,0.00,
2022-02-10,06:51,29,63,15,0.00,
2022-02-10,07:51,29,63,10,0.00,
2022-02-10,08:51,29,63,8,0.00,
2022-02-10,09:51,29,63,8,0.00,
2022-02-10,10:51,30,60,7,0.00,
2022-02-10,11:51,30,65,8,0.00,
2022-02-10,12:51,30,68,15,0.00,
2022-02-10,13:51,29,68,11,0.00,
2022-02-10,14:51,29,68,15,0.00,
2022-02-10,15:51,28,68,14,0.00,
2022-02-10,16:51,27,71,10,0.00,
2022-02-10,18:00,27,71,14,m,
2022-02-10,18:51,27,74,16,0.00,
2022-02-10,19:51,28,74,16,0.00,
2022-02-10,20:51,29,78,16,0.00,
2022-02-10,21:51,30,78,15,0.00,
2022-02-10,22:51,32,72,22,0.00,
2022-02-10,23:51,34,75,20,0.00,
2022-02-11,00:51,33,84,22,0.01,
2022-02-11,01:51,35,84,25,0.03,
2022-02-11,02:51,36,85,21,0.04,
2022-02-11,03:51,37,85,18,0.00,
2022-02-11,04:51,38,82,14,0.00,
2022-02-11,05:51,38,85,13,0.00,
2022-02-11,06:51,38,85,11,0.00,
2022-02-11,07:51,39,81,11,0.00,
2022-02-11,08:51,40,79,13,0.00,
2022-02-11,09:51,40,82,11,0.00,
2022-02-11,10:51,41,79,11,0.00,
2022-02-11,11:51,41,79,14,0.00,
2022-02-11,12:51,42,72,17,0.00,
2022-02-11,13:51,44,67,14,0.00,
2022-02-11,14:51,43,67,16,0.00,
2022-02-11,15:51,42,64,13,0.00,
2022-02-11,16:51,37,59,17,0.00,
2022-02-11,18:00,34,66,16,0.00,
2022-02-11,18:51,31,78,16,0.00,
2022-02-11,19:51,30,78,14,0.00,
2022-02-11,20:51,30,74,11,0.00,
2022-02-11,21:51,30,71,13,0.00,
2022-02-11,22:51,29,71,11,0.00,
2022-02-11,23:51,29,66,16,0.00,
2022-02-12,00:51,26,65,13,0.00,
2022-02-12,01:51,23,67,17,0.00,
2022-02-12,02:51,21,59,18,0.00,
2022-02-12,03:51,19,56,16,0.00,
2022-02-12,04:51,16,53,22,0.00,
2022-02-12,05:51,14,55,16,0.00,
2022-02-12,06:51,13,55,18,0.00,
2022-02-12,07:51,14,55,11,0.00,
2022-02-12,08:51,15,53,11,0.00,
2022-02-12,09:51,17,48,8,0.00,
2022-02-12,10:51,17,46,11,0.00,
2022-02-12,11:51,19,42,10,0.00,
2022-02-12,12:51,20,44,6,0.00,
2022-02-12,13:51,19,51,9,0.00,
2022-02-12,14:51,18,56,11,0.00,
2022-02-12,15:51,17,58,10,0.00,
2022-02-12,16:51,17,55,6,0.00,
2022-02-12,18:00,17,55,8,m,
2022-02-12,18:51,17,55,7,0.00,
2022-02-12,19:51,17,58,8,0.00,
2022-02-12,20:51,17,58,6,0.00,
2022-02-12,21:51,17,58,7,0.00,
2022-02-12,22:51,17,58,10,0.00,
2022-02-12,23:51,15,63,7,0.00,
2022-02-13,00:51,14,66,7,0.00,
2022-02-13,01:51,13,70,9,0.00,
2022-02-13,02:51,13,66,6,0.00,
2022-02-13,03:51,13,60,8,0.00,
2022-02-13,04:51,13,66,9,0.00,
2022-02-13,05:51,13,66,7,0.00,
2022-02-13,06:51,13,63,8,0.00,
2022-02-13,07:51,13,70,8,0.00,
2022-02-13,08:51,13,60,10,0.00,
2022-02-13,09:51,15,60,9,0.00,
2022-02-13,10:51,16,53,9,0.00,
2022-02-13,11:51,16,51,8,0.00,
2022-02-13,12:51,18,46,7,0.00,
2022-02-13,13:51,19,44,11,0.00,
2022-02-13,14:51,19,42,11,0.00,
2022-02-13,15:51,18,46,5,0.00,
2022-02-13,16:51,17,44,8,0.00,
2022-02-13,18:00,15,48,7,0.00,
2022-02-13,18:51,15,48,7,0.00,
2022-02-13,19:51,14,52,7,0.00,
2022-02-13,20:51,14,52,3,0.00,
2022-02-13,21:51,14,50,3,0.00,
2022-02-13,22:51,14,52,0,0.00,
2022-02-13,23:51,14,52,5,0.00,
2022-02-14,00:51,14,50,5,0.00,
2022-02-14,01:51,14,50,5,0.00,
2022-02-14,02:51,14,50,5,0.00,
2022-02-14,03:51,14,55,5,0.00,
2022-02-14,04:51,14,58,6,0.00,
2022-02-14,05:51,15,58,6,0.00,
2022-02-14,06:51,14,61,7,0.00,
2022-02-14,07:51,15,60,8,0.00,
2022-02-14,08:51,15,63,7,0.00,
2022-02-14,09:51,16,64,8,0.00,
2022-02-14,10:51,18,59,9,0.00,
2022-02-14,11:51,20,54,7,0.00,
2022-02-14,12:51,22,52,7,0.00,
2022-02-14,13:51,24,49,7,0.00,
2022-02-14,14:51,25,50,7,0.00,
2022-02-14,15:51,26,52,9,0.00,
2022-02-14,16:51,25,57,7,0.00,
2022-02-14,18:00,25,59,6,m,
2022-02-14,18:51,25,62,6,0.00,
2022-02-14,19:51,25,65,5,0.00,
2022-02-14,20:51,25,65,6,0.00,
2022-02-14,21:51,25,68,6,0.00,
2022-02-14,22:51,25,68,3,0.00,
2022-02-14,23:51,25,68,6,0.00,
2022-02-15,00:51,25,71,5,0.00,
2022-02-15,01:51,25,71,6,0.00,
2022-02-15,02:51,25,71,0,0.00,
2022-02-15,03:51,24,74,5,0.00,
2022-02-15,04:51,24,74,6,0.00,
2022-02-15,05:51,23,74,5,0.00,
2022-02-15,06:51,22,74,8,0.00,
2022-02-15,07:51,24,64,8,0.00,
2022-02-15,08:51,26,59,9,0.00,
2022-02-15,09:51,30,48,13,0.00,
2022-02-15,10:51,32,49,13,0.00,
2022-02-15,11:51,34,47,10,0.00,
2022-02-15,12:51,36,47,13,0.00,
2022-02-15,13:51,37,47,14,0.00,
2022-02-15,14:51,38,44,15,0.00,
2022-02-15,15:51,38,44,14,0.00,
2022-02-15,16:51,36,49,15,0.00,
2022-02-15,18:00,35,56,15,0.00,
2022-02-15,18:51,34,60,15,0.00,
2022-02-15,19:51,35,61,11,0.00,
2022-02-15,20:51,37,61,11,0.00,
2022-02-15,21:51,40,59,14,0.00,
2022-02-15,22:51,43,57,16,0.00,
2022-02-15,23:51,45,53,14,0.00,
2022-02-16,00:51,47,53,16,0.00,
2022-02-16,01:51,46,57,14,0.00,
2022-02-16,02:51,47,55,17,0.00,
2022-02-16,03:51,46,57,16,0.00,
2022-02-16,04:51,45,60,17,0.00,
2022-02-16,05:51,46,57,16,0.00,
2022-02-16,06:51,47,55,17,0.00,
2022-02-16,07:51,48,56,17,0.00,
2022-02-16,08:51,49,58,22,0.00,
2022-02-16,09:51,49,60,17,0.00,
2022-02-16,10:51,49,68,22,0.00,
2022-02-16,11:51,50,71,17,0.00,
2022-02-16,12:51,51,73,17,0.00,
2022-02-16,13:51,51,73,18,0.00,
2022-02-16,14:51,52,74,18,0.00,
2022-02-16,15:51,53,76,15,0.00,
2022-02-16,16:51,52,80,17,0.01,
2022-02-16,18:00,52,82,13,m,
2022-02-16,18:51,54,77,17,0.00,
2022-02-16,19:51,55,74,18,0.00,
2022-02-16,20:51,50,86,6,0.23,
2022-02-16,21:51,49,89,0,0.21,
2022-02-16,22:51,46,89,13,0.21,
2022-02-16,23:51,41,88,17,0.17,
2022-02-17,00:51,38,89,15,0.09,
2022-02-17,01:51,35,88,17,0.01,
2022-02-17,02:51,34,88,13,0.04,
2022-02-17,03:51,34,85,20,0.00,
2022-02-17,04:51,33,84,22,0.00,
2022-02-17,05:51,32,78,21,0.00,
2022-02-17,06:51,31,72,24,0.00,
2022-02-17,07:51,30,71,22,0.00,
2022-02-17,08:51,30,71,25,0.00,
2022-02-17,09:51,29,68,30,0.00,
2022-02-17,10:51,28,71,29,0.00,
2022-02-17,11:51,27,71,23,0.00,
2022-02-17,12:51,26,68,18,0.00,
2022-02-17,13:51,24,80,20,0.01,
2022-02-17,14:51,23,80,21,0.01,
2022-02-17,15:51,22,81,22,0.01,
2022-02-17,16:51,21,80,21,0.02,
2022-02-17,18:00,20,84,21,m,
2022-02-17,18:51,20,81,16,0.02,
2022-02-17,19:51,21,73,15,0.00,
2022-02-17,20:51,21,64,15,0.00,
2022-02-17,21:51,19,67,14,0.00,
2022-02-17,22:51,18,64,10,0.00,
2022-02-17,23:51,16,67,11,0.00,
2022-02-18,00:51,14,66,11,0.00,
2022-02-18,01:51,12,66,10,0.00,
2022-02-18,02:51,10,69,7,0.00,
2022-02-18,03:51,9,69,7,0.00,
2022-02-18,04:51,8,72,3,0.00,
2022-02-18,05:51,8,72,0,0.00,
2022-02-18,06:51,8,72,3,0.00,
2022-02-18,07:51,9,79,7,0.00,
2022-02-18,08:51,12,66,8,0.00,
2022-02-18,09:51,16,61,13,0.00,
2022-02-18,10:51,18,48,14,0.00,
2022-02-18,11:51,22,45,11,0.00,
2022-02-18,12:51,24,37,20,0.00,
2022-02-18,13:51,25,43,22,0.00,
2022-02-18,14:51,27,42,23,0.00,
2022-02-18,15:51,27,44,20,0.00,
2022-02-18,16:51,25,54,23,0.00,
2022-02-18,18:00,26,57,24,0.00,
2022-02-18,18:51,26,62,22,0.00,
2022-02-18,19:51,28,60,23,0.00,
2022-02-18,20:51,29,57,23,0.00,
2022-02-18,21:51,30,63,21,0.00,
2022-02-18,22:51,30,60,21,0.00,
2022-02-18,23:51,26,52,20,0.00,
2022-02-19,00:51,22,56,23,0.00,
2022-02-19,01:51,20,51,13,0.00,
2022-02-19,02:51,17,48,20,0.00,
2022-02-19,03:51,15,53,16,0.00,
2022-02-19,04:51,13,55,23,0.00,
2022-02-19,05:51,11,55,18,0.00,
2022-02-19,06:51,10,57,14,0.00,
2022-02-19,07:51,10,60,13,0.00,
2022-02-19,08:51,11,50,18,0.00,
2022-02-19,09:51,12,52,14,0.00,
2022-02-19,10:51,14,50,9,0.00,
2022-02-19,11:51,17,48,14,0.00,
2022-02-19,12:51,18,48,15,0.00,
2022-02-19,13:51,19,46,9,0.00,
2022-02-19,14:51,19,49,10,0.00,
2022-02-19,15:51,20,49,9,0.00,
2022-02-19,16:51,20,49,10,0.00,
2022-02-19,18:00,19,53,13,m,
2022-02-19,18:51,17,58,8,0.00,
2022-02-19,19:51,17,61,11,0.00,
2022-02-19,20:51,17,64,13,0.00,
2022-02-19,21:51,16,64,14,0.00,
2022-02-19,22:51,17,58,14,0.00,
2022-02-19,23:51,17,61,13,0.00,
2022-02-20,00:51,19,61,15,0.00,
2022-02-20,01:51,20,61,18,0.00,
2022-02-20,02:51,22,62,18,0.00,
2022-02-20,03:51,24,59,16,0.00,
2022-02-20,04:51,25,62,16,0.00,
2022-02-20,05:51,27,62,17,0.00,
2022-02-20,06:51,29,63,20,0.00,
2022-02-20,07:51,32,55,21,0.00,
2022-02-20,08:51,34,56,28,0.00,
2022-02-20,09:51,37,56,24,0.00,
2022-02-20,10:51,42,54,18,0.00,
2022-02-20,11:51,45,51,23,0.00,
2022-02-20,12:51,45,53,23,0.00,
2022-02-20,13:51,47,51,26,0.00,
2022-02-20,14:51,47,53,24,0.00,
2022-02-20,15:51,47,55,21,0.00,
2022-02-20,16:51,46,57,20,0.00,
2022-02-20,18:00,44,62,14,0.00,
2022-02-20,18:51,44,62,14,0.00,
2022-02-20,19:51,43,64,9,0.00,
2022-02-20,20:51,42,67,9,0.00,
2022-02-20,21:51,41,70,8,0.00,
2022-02-20,22:51,40,73,7,0.00,
2022-02-20,23:51,39,75,7,0.00,
2022-02-21,00:51,38,78,5,0.00,
2022-02-21,01:51,32,85,6,0.00,
2022-02-21,02:51,34,81,5,0.00,
2022-02-21,03:51,34,85,11,0.00,
2022-02-21,04:51,33,84,14,0.00,
2022-02-21,05:51,34,85,13,0.00,
2022-02-21,06:51,33,84,8,0.00,
2022-02-21,07:51,35,81,10,0.00,
2022-02-21,08:51,36,85,9,0.00,
2022-02-21,09:51,37,85,9,0.00,
2022-02-21,10:51,41,79,10,0.00,
2022-02-21,11:51,42,75,9,0.00,
2022-02-21,12:51,43,76,8,0.00,
2022-02-21,13:51,45,73,9,0.00,
2022-02-21,14:51,48,65,9,0.00,
2022-02-21,15:51,47,65,10,0.00,
2022-02-21,16:51,45,68,10,0.00,
2022-02-21,18:00,44,70,5,m,
2022-02-21,18:51,40,79,9,0.00,
2022-02-21,19:51,42,75,8,0.00,
2022-02-21,20:51,44,76,3,0.00,
2022-02-21,21:51,44,76,0,0.00,
2022-02-21,22:51,44,76,0,0.00,
2022-02-21,23:51,45,79,6,0.00,
2022-02-22,01:51,42,88,5,0.02,
2022-02-22,02:51,39,88,9,0.03,
2022-02-22,03:51,38,89,8,0.03,
2022-02-22,04:51,37,92,9,0.01,
2022-02-22,05:51,36,89,14,0.02,
2022-02-22,06:51,35,88,17,0.03,
2022-02-22,07:51,34,92,16,0.17,
2022-02-22,08:51,35,88,10,0.01,
2022-02-22,09:51,34,92,14,0.01,
2022-02-22,10:51,34,92,15,0.10,
2022-02-22,11:51,34,88,11,0.18,
2022-02-22,12:51,34,88,18,0.24,
2022-02-22,13:51,35,88,8,0.00,
2022-02-22,14:51,35,88,9,0.01,
2022-02-22,15:51,34,88,15,0.00,
2022-02-22,16:51,30,88,16,0.00,
2022-02-22,18:00,28,88,18,m,
2022-02-22,18:51,24,87,17,0.00,
2022-02-22,19:51,24,83,13,0.00,
2022-02-22,20:51,24,77,11,0.00,
2022-02-22,21:51,24,77,10,0.00,
2022-02-22,22:51,24,77,7,0.00,
2022-02-22,23:51,24,74,11,0.00,
2022-02-23,00:51,23,71,11,0.00,
2022-02-23,01:51,22,74,16,0.00,
2022-02-23,02:51,21,73,17,0.00,
2022-02-23,03:51,20,73,14,0.00,
2022-02-23,04:51,19,73,14,0.00,
2022-02-23,05:51,18,67,9,0.00,
2022-02-23,06:51,15,66,16,0.00,
2022-02-23,07:51,15,66,14,0.00,
2022-02-23,08:51,17,64,14,0.00,
2022-02-23,09:51,19,58,8,0.00,
2022-02-23,10:51,20,59,10,0.00,
2022-02-23,11:51,22,54,13,0.00,
2022-02-23,12:51,22,54,6,0.00,
2022-02-23,13:51,22,56,6,0.00,
2022-02-23,14:51,23,57,8,0.00,
2022-02-23,15:51,22,59,10,0.00,
2022-02-23,16:51,21,64,11,0.00,
2022-02-23,18:00,21,59,13,m,
2022-02-23,18:51,21,62,11,0.00,
2022-02-23,19:51,21,64,8,0.00,
2022-02-23,20:51,20,73,7,0.00,
2022-02-23,21:51,21,73,13,0.00,
2022-02-23,22:51,21,73,11,0.00,
2022-02-23,23:51,21,77,13,0.00,
2022-02-24,00:51,22,74,9,0.00,
2022-02-24,01:51,22,77,11,0.00,
2022-02-24,02:51,22,77,10,0.00,
2022-02-24,03:51,25,71,13,0.00,
2022-02-24,04:51,25,68,10,0.00,
2022-02-24,05:51,25,68,13,0.00,
2022-02-24,06:51,25,68,15,0.00,
2022-02-24,07:51,25,68,16,0.00,
2022-02-24,08:51,25,71,14,0.00,
2022-02-24,09:51,25,68,13,0.00,
2022-02-24,10:51,26,65,10,0.00,
2022-02-24,11:51,26,68,13,0.00,
2022-02-24,12:51,26,65,11,0.00,
2022-02-24,13:51,26,71,18,0.00,
2022-02-24,14:51,27,68,13,0.00,
2022-02-24,15:51,25,84,9,0.02,
2022-02-24,16:51,26,84,17,0.01,
2022-02-24,18:00,26,84,14,m,
2022-02-24,18:51,26,84,10,0.02,
2022-02-24,19:51,26,84,11,0.01,
2022-02-24,20:51,26,84,9,0.01,
2022-02-24,21:51,26,84,9,0.01,
2022-02-24,22:51,26,84,9,0.01,
2022-02-24,23:51,26,84,0,0.02,
2022-02-25,00:51,25,87,6,0.03,
2022-02-25,01:51,26,84,8,0.03,
2022-02-25,02:51,25,87,9,0.01,
2022-02-25,03:51,25,80,11,0.00,
2022-02-25,04:51,23,84,9,0.00,
2022-02-25,05:51,19,84,9,0.00,
2022-02-25,06:51,18,84,9,0.00,
2022-02-25,07:51,19,80,9,0.00,
2022-02-25,08:51,21,77,11,0.00,
2022-02-25,09:51,23,74,8,0.00,
2022-02-25,10:51,27,68,6,0.00,
2022-02-25,11:51,30,63,7,0.00,
2022-02-25,12:51,29,55,3,0.00,
2022-02-25,13:51,29,57,5,0.00,
2022-02-25,14:51,28,60,6,0.00,
2022-02-25,15:51,27,71,6,0.00,
2022-02-25,16:51,29,57,3,0.00,
2022-02-25,18:00,26,59,7,m,
2022-02-25,18:51,24,68,7,0.00,
2022-02-25,19:51,22,74,8,0.00,
2022-02-25,20:51,21,73,8,0.00,
2022-02-25,21:51,20,73,7,0.00,
2022-02-25,22:51,19,76,6,0.00,
2022-02-25,23:51,18,77,6,0.00,
2022-02-26,00:51,18,77,6,0.00,
2022-02-26,01:51,17,76,6,0.00,
2022-02-26,02:51,15,76,5,0.00,
2022-02-26,03:51,15,76,6,0.00,
2022-02-26,04:51,14,76,5,0.00,
2022-02-26,05:51,13,80,6,0.00,
2022-02-26,06:51,13,80,7,0.00,
2022-02-26,07:51,14,79,8,0.00,
2022-02-26,08:51,17,73,11,0.00,
2022-02-26,09:51,20,64,10,0.00,
2022-02-26,10:51,22,62,13,0.00,
2022-02-26,11:51,25,57,11,0.00,
2022-02-26,12:51,27,54,16,0.00,
2022-02-26,13:51,28,55,15,0.00,
2022-02-26,14:51,30,53,17,0.00,
2022-02-26,15:51,31,56,13,0.00,
2022-02-26,16:51,31,58,15,0.00,
2022-02-26,17:51,30,63,14,0.00,
2022-02-26,18:51,30,65,11,0.00,
2022-02-26,19:51,29,71,11,0.00,
2022-02-26,20:51,29,74,13,0.00,
2022-02-26,21:51,29,71,9,0.00,
2022-02-26,22:51,29,71,11,0.00,
2022-02-26,23:51,29,71,15,0.00,
2022-02-27,00:51,29,71,18,0.00,
2022-02-27,01:51,29,71,17,0.00,
2022-02-27,02:51,29,68,13,0.00,
2022-02-27,03:51,28,71,15,0.00,
2022-02-27,04:51,27,71,13,0.00,
2022-02-27,05:51,27,68,14,0.00,
2022-02-27,06:51,26,71,7,0.00,
2022-02-27,07:51,28,65,11,0.00,
2022-02-27,08:51,32,58,9,0.00,
2022-02-27,09:51,35,49,10,0.00,
2022-02-27,10:51,37,49,8,0.00,
2022-02-27,11:51,39,44,6,0.00,
2022-02-27,12:51,41,35,11,0.00,
2022-02-27,13:51,41,39,6,0.00,
2022-02-27,14:51,42,37,6,0.00,
2022-02-27,15:51,41,40,7,0.00,
2022-02-27,16:51,41,39,3,0.00,
2022-02-27,17:51,39,49,8,0.00,
2022-02-27,18:51,36,58,5,0.00,
2022-02-27,19:51,34,66,0,0.00,
2022-02-27,20:51,32,72,0,0.00,
2022-02-27,21:51,31,75,0,0.00,
2022-02-27,22:51,29,78,3,0.00,
2022-02-27,23:51,29,74,3,0.00,
2022-02-28,00:51,30,74,5,0.00,
2022-02-28,01:51,29,71,0,0.00,
2022-02-28,02:51,27,78,5,0.00,
2022-02-28,03:51,28,77,5,0.00,
2022-02-28,04:51,28,81,6,0.00,
2022-02-28,05:51,28,77,7,0.00,
2022-02-28,06:51,29,78,7,0.00,
2022-02-28,07:51,31,81,10,0.00,
2022-02-28,08:51,34,75,15,0.00,
2022-02-28,09:51,40,62,13,0.00,
2022-02-28,10:51,44,50,14,0.00,
2022-02-28,11:51,48,42,16,0.00,
2022-02-28,12:51,51,33,18,0.00,
2022-02-28,13:51,51,38,24,0.00,
2022-02-28,14:51,52,36,15,0.00,
2022-02-28,15:51,52,39,17,0.00,
2022-02-28,16:51,50,44,16,0.00,
2022-02-28,17:51,48,49,11,0.00,
2022-02-28,18:51,46,57,7,0.00,
2022-02-28,19:51,45,60,9,0.00,
2022-02-28,20:51,45,60,9,0.00,
2022-02-28,21:51,44,62,8,0.00,
2022-02-28,22:51,44,62,9,0.00,
2022-02-28,23:51,42,64,9,0.00,
2022-03-01,00:51,42,64,9,0.00,
2022-03-01,01:51,41,64,8,0.00,
2022-03-01,02:51,41,64,11,0.00,
2022-03-01,03:51,42,62,9,0.00,
2022-03-01,04:51,41,64,7,0.00,
2022-03-01,05:51,40,67,8,0.00,
2022-03-01,06:51,40,67,10,0.00,
2022-03-01,07:51,41,67,5,0.00,
2022-03-01,08:51,42,67,6,0.00,
2022-03-01,09:51,44,62,7,0.00,
2022-03-01,10:51,46,60,5,0.00,
2022-03-01,11:51,48,56,3,0.00,
2022-03-01,12:51,51,49,5,0.00,
2022-03-01,13:51,53,48,3,0.00,
2022-03-01,14:51,49,56,10,0.00,
2022-03-01,15:51,46,57,10,0.00,
2022-03-01,16:51,44,57,9,0.00,
2022-03-01,17:51,39,66,8,0.00,
2022-03-01,18:51,37,75,8,0.00,
2022-03-01,19:51,36,78,7,0.00,
2022-03-01,20:51,37,78,7,0.00,
2022-03-01,21:51,37,78,8,0.00,
2022-03-01,22:51,37,78,5,0.00,
2022-03-01,23:51,36,78,7,0.00,
2022-03-02,00:51,36,75,6,0.00,
2022-03-02,01:51,35,78,6,0.00,
2022-03-02,02:51,34,81,5,0.00,
2022-03-02,03:51,35,78,5,0.00,
2022-03-02,04:51,33,81,5,0.00,
2022-03-02,05:51,34,78,5,0.00,
2022-03-02,06:51,35,72,0,0.00,
2022-03-02,07:51,36,69,8,0.00,
2022-03-02,08:51,39,61,7,0.00,
2022-03-02,09:51,43,57,8,0.00,
2022-03-02,10:51,47,53,8,0.00,
2022-03-02,11:51,51,49,8,0.00,
2022-03-02,12:51,53,52,8,0.00,
2022-03-02,13:51,55,48,13,0.00,
2022-03-02,14:51,57,47,5,0.00,
2022-03-02,15:51,57,48,7,0.00,
2022-03-02,16:51,55,54,10,0.00,
2022-03-02,17:51,46,65,11,0.00,
2022-03-02,18:51,42,70,15,0.00,
2022-03-02,19:51,42,72,16,0.00,
2022-03-02,20:51,40,76,18,0.00,
2022-03-02,21:51,37,81,21,0.00,
2022-03-02,22:51,35,78,20,0.00,
2022-03-02,23:51,34,72,17,0.00,
2022-03-03,00:51,33,75,21,0.00,
2022-03-03,01:51,32,72,18,0.00,
2022-03-03,02:51,32,65,16,0.00,
2022-03-03,03:51,31,63,20,0.00,
2022-03-03,04:51,30,60,16,0.00,
2022-03-03,05:51,30,60,14,0.00,
2022-03-03,06:51,29,66,17,0.00,
2022-03-03,07:51,30,60,16,0.00,
2022-03-03,08:51,31,58,13,0.00,
2022-03-03,09:51,32,53,9,0.00,
2022-03-03,10:51,33,51,11,0.00,
2022-03-03,11:51,33,51,8,0.00,
2022-03-03,12:51,32,49,11,0.00,
2022-03-03,13:51,33,48,10,0.00,
2022-03-03,14:51,33,51,11,0.00,
2022-03-03,15:51,32,49,11,0.00,
2022-03-03,16:51,30,48,9,0.00,
2022-03-03,17:51,30,48,9,0.00,
2022-03-03,18:51,29,53,8,0.00,
2022-03-03,19:51,29,55,8,0.00,
2022-03-03,20:51,29,55,8,0.00,
2022-03-03,21:51,29,55,6,0.00,
2022-03-03,22:51,29,57,6,0.00,
2022-03-03,23:51,28,60,5,0.00,
2022-03-04,00:51,29,57,6,0.00,
2022-03-04,01:51,29,57,6,0.00,
2022-03-04,02:51,29,57,6,0.00,
2022-03-04,03:51,30,55,7,0.00,
2022-03-04,04:51,30,60,6,0.00,
2022-03-04,05:51,29,66,6,0.00,
2022-03-04,06:51,30,71,7,0.00,
2022-03-04,07:51,32,69,10,0.00,
2022-03-04,08:51,35,51,9,0.00,
2022-03-04,09:51,37,45,11,0.00,
2022-03-04,10:51,39,42,10,0.00,
2022-03-04,11:51,41,35,9,0.00,
2022-03-04,12:51,40,37,11,0.00,
2022-03-04,13:51,41,40,11,0.00,
2022-03-04,14:51,40,42,11,0.00,
2022-03-04,15:51,39,45,10,0.00,
2022-03-04,16:51,39,48,9,0.00,
2022-03-04,17:51,37,56,9,0.00,
2022-03-04,18:51,37,59,9,0.00,
2022-03-04,19:51,38,57,7,0.00,
2022-03-04,20:51,40,44,11,0.00,
2022-03-04,21:51,39,49,8,0.00,
2022-03-04,22:51,39,52,9,0.00,
2022-03-04,23:51,39,52,7,0.00,
2022-03-05,00:51,41,46,8,0.00,
2022-03-05,01:51,41,48,6,0.00,
2022-03-05,02:51,42,48,7,0.00,
2022-03-05,03:51,40,52,8,0.00,
2022-03-05,04:51,40,54,9,0.00,
2022-03-05,05:51,39,59,8,0.00,
2022-03-05,06:51,40,59,9,0.00,
2022-03-05,07:51,44,55,13,0.00,
2022-03-05,08:51,50,47,8,0.00,
2022-03-05,09:51,57,45,11,0.00,
2022-03-05,10:51,60,45,17,0.00,
2022-03-05,11:51,64,46,16,0.00,
2022-03-05,12:51,66,50,15,0.00,
2022-03-05,13:51,68,52,16,0.00,
2022-03-05,14:51,68,56,13,0.00,
2022-03-05,15:51,67,56,15,0.00,
2022-03-05,16:51,68,54,17,0.00,
2022-03-05,17:51,66,58,18,0.00,
2022-03-05,18:51,65,60,21,0.00,
2022-03-05,19:51,65,62,23,0.00,
2022-03-05,20:51,62,74,23,0.01,
2022-03-05,21:51,63,75,24,0.00,
2022-03-05,22:51,63,75,24,0.00,
2022-03-05,23:51,54,87,10,0.11,
2022-03-06,00:51,53,85,11,0.00,
2022-03-06,01:51,59,74,23,0.00,
2022-03-06,02:51,51,71,23,0.00,
2022-03-06,03:51,43,73,28,0.00,
2022-03-06,04:51,39,72,30,0.00,
2022-03-06,05:51,38,72,26,0.00,
2022-03-06,06:51,37,69,28,0.00,
2022-03-06,07:51,36,72,23,0.00,
2022-03-06,08:51,36,72,24,0.00,
2022-03-06,09:51,36,69,22,0.00,
2022-03-06,10:51,37,64,17,0.00,
2022-03-06,11:51,36,66,18,0.00,
2022-03-06,12:51,38,61,18,0.00,
2022-03-06,13:51,39,61,15,0.00,
2022-03-06,14:51,41,59,14,0.00,
2022-03-06,15:51,40,62,14,0.00,
2022-03-06,16:51,40,62,7,0.00,
2022-03-06,17:51,39,64,5,0.00,
2022-03-06,18:51,38,67,3,0.00,
2022-03-06,19:51,37,69,5,0.00,
2022-03-06,20:51,37,69,6,0.00,
2022-03-06,21:51,37,69,0,0.00,
2022-03-06,22:51,38,67,5,0.00,
2022-03-06,23:51,35,81,10,0.02,
2022-03-07,00:51,34,85,15,0.07,
2022-03-07,01:51,33,88,15,0.09,
2022-03-07,02:51,32,88,18,0.04,
2022-03-07,03:51,32,85,13,0.02,
2022-03-07,04:51,32,85,10,0.00,
2022-03-07,05:51,32,88,11,0.01,
2022-03-07,06:51,31,88,11,0.04,
2022-03-07,07:51,31,88,8,0.03,
2022-03-07,08:51,32,88,9,0.03,
2022-03-07,09:51,32,88,14,0.01,
2022-03-07,10:51,33,84,16,0.01,
2022-03-07,11:51,34,78,16,0.00,
2022-03-07,12:51,35,72,15,0.00,
2022-03-07,13:51,35,69,16,0.00,
2022-03-07,14:51,34,69,15,0.00,
2022-03-07,15:51,34,66,14,0.00,
2022-03-07,16:51,34,63,14,0.00,
2022-03-07,17:51,34,60,11,0.00,
2022-03-07,18:51,33,69,10,0.00,
2022-03-07,19:51,32,69,10,0.00,
2022-03-07,20:51,32,63,7,0.00,
2022-03-07,21:51,31,60,9,0.00,
2022-03-07,22:51,31,60,6,0.00,
2022-03-07,23:51,30,63,6,0.00,
2022-03-08,00:51,30,63,8,0.00,
2022-03-08,01:51,30,60,6,0.00,
2022-03-08,02:51,29,63,3,0.00,
2022-03-08,03:51,28,62,7,0.00,
2022-03-08,04:51,28,62,6,0.00,
2022-03-08,05:51,27,68,5,0.00,
2022-03-08,06:51,27,74,3,0.00,
2022-03-08,07:51,28,71,6,0.00,
2022-03-08,08:51,30,68,9,0.00,
2022-03-08,09:51,32,63,11,0.00,
2022-03-08,10:51,34,60,11,0.00,
2022-03-08,11:51,35,58,13,0.00,
2022-03-08,12:51,36,54,11,0.00,
2022-03-08,13:51,38,52,13,0.00,
2022-03-08,14:51,38,50,5,0.00,
2022-03-08,15:51,39,48,9,0.00,
2022-03-08,16:51,38,50,11,0.00,
2022-03-08,17:51,37,53,7,0.00,
2022-03-08,18:51,36,58,6,0.00,
2022-03-08,19:51,34,63,3,0.00,
2022-03-08,20:51,33,66,5,0.00,
2022-03-08,21:51,32,69,5,0.00,
2022-03-08,22:51,31,68,3,0.00,
2022-03-08,23:51,29,74,5,0.00,
2022-03-09,00:51,30,71,5,0.00,
2022-03-09,01:51,29,74,5,0.00,
2022-03-09,02:51,30,74,6,0.00,
2022-03-09,03:51,31,75,6,0.00,
2022-03-09,04:51,31,78,8,0.00,
2022-03-09,05:51,32,72,8,0.00,
2022-03-09,06:51,32,72,8,0.00,
2022-03-09,07:51,33,71,9,0.00,
2022-03-09,08:51,34,66,9,0.00,
2022-03-09,09:51,37,61,11,0.00,
2022-03-09,10:51,38,54,16,0.00,
2022-03-09,11:51,39,54,15,0.00,
2022-03-09,12:51,40,48,10,0.00,
2022-03-09,13:51,40,42,14,0.00,
2022-03-09,14:51,39,48,15,0.00,
2022-03-09,15:51,39,48,13,0.00,
2022-03-09,16:51,38,44,10,0.00,
2022-03-09,17:51,36,49,9,0.00,
2022-03-09,18:51,33,58,8,0.00,
2022-03-09,19:51,32,58,7,0.00,
2022-03-09,20:51,31,60,10,0.00,
2022-03-09,21:51,30,63,8,0.00,
2022-03-09,22:51,28,68,9,0.00,
2022-03-09,23:51,27,68,8,0.00,
2022-03-10,00:51,26,71,9,0.00,
2022-03-10,01:51,26,68,8,0.00,
2022-03-10,02:51,25,71,9,0.00,
2022-03-10,03:51,24,68,10,0.00,
2022-03-10,04:51,24,64,17,0.00,
2022-03-10,05:51,22,67,9,0.00,
2022-03-10,06:51,24,61,9,0.00,
2022-03-10,07:51,24,54,11,0.00,
2022-03-10,08:51,25,50,7,0.00,
2022-03-10,09:51,27,50,6,0.00,
2022-03-10,10:51,27,48,5,0.00,
2022-03-10,11:51,29,46,0,0.00,
2022-03-10,12:51,30,44,0,0.00,
2022-03-10,13:51,29,46,0,0.00,
2022-03-10,14:51,30,46,0,0.00,
2022-03-10,15:51,28,55,5,0.00,
2022-03-10,16:51,26,71,6,0.00,
2022-03-10,17:51,25,77,7,0.01,
2022-03-10,18:51,25,77,3,0.01,
2022-03-10,19:51,24,77,5,0.00,
2022-03-10,20:51,24,80,7,0.00,
2022-03-10,21:51,24,80,7,0.00,
2022-03-10,22:51,24,77,7,0.00,
2022-03-10,23:51,23,80,6,0.00,
2022-03-11,00:51,22,81,7,0.01,
2022-03-11,01:51,22,81,8,0.00,
2022-03-11,02:51,21,77,8,0.00,
2022-03-11,03:51,20,81,5,0.00,
2022-03-11,04:51,20,81,5,0.00,
2022-03-11,05:51,20,81,3,0.00,
2022-03-11,06:51,20,77,7,0.00,
2022-03-11,07:51,21,73,8,0.00,
2022-03-11,08:51,23,64,9,0.00,
2022-03-11,09:51,24,56,9,0.00,
2022-03-11,10:51,27,50,11,0.00,
2022-03-11,11:51,29,46,13,0.00,
2022-03-11,12:51,30,50,20,0.00,
2022-03-11,13:51,29,60,18,0.00,
2022-03-11,14:51,28,65,15,0.00,
2022-03-11,15:51,29,42,15,0.00,
2022-03-11,16:51,28,38,17,0.00,
2022-03-11,17:51,26,42,16,0.00,
2022-03-11,18:51,23,35,18,0.00,
2022-03-11,19:51,21,42,16,0.00,
2022-03-11,20:51,20,43,20,0.00,
2022-03-11,21:51,19,46,11,0.00,
2022-03-11,22:51,18,42,18,0.00,
2022-03-11,23:51,16,46,11,0.00,
2022-03-12,00:51,15,50,13,0.00,
2022-03-12,01:51,14,50,13,0.00,
2022-03-12,02:51,14,50,14,0.00,
2022-03-12,03:51,13,55,14,0.00,
2022-03-12,04:51,12,55,15,0.00,
2022-03-12,05:51,11,58,15,0.00,
2022-03-12,06:51,11,58,15,0.00,
2022-03-12,07:51,12,55,13,0.00,
2022-03-12,08:51,14,48,14,0.00,
2022-03-12,09:51,16,46,16,0.00,
2022-03-12,10:51,17,46,10,0.00,
2022-03-12,11:51,19,42,15,0.00,
2022-03-12,12:51,21,39,11,0.00,
2022-03-12,13:51,22,41,11,0.00,
2022-03-12,14:51,22,41,16,0.00,
2022-03-12,15:51,23,41,13,0.00,
2022-03-12,16:51,22,43,13,0.00,
2022-03-12,17:51,22,45,15,0.00,
2022-03-12,18:51,20,54,8,0.00,
2022-03-12,19:51,20,56,11,0.00,
2022-03-12,20:51,20,59,14,0.00,
2022-03-12,21:51,20,59,14,0.00,
2022-03-12,22:51,20,59,13,0.00,
2022-03-12,23:51,21,54,13,0.00,
2022-03-13,00:51,21,54,11,0.00,
2022-03-13,01:51,23,49,13,0.00,
2022-03-13,02:51,23,52,9,0.00,
2022-03-13,03:51,24,51,11,0.00,
2022-03-13,04:51,26,50,15,0.00,
2022-03-13,05:51,28,52,16,0.00,
2022-03-13,06:51,30,55,16,0.00,
2022-03-13,07:51,33,53,15,0.00,
2022-03-13,08:51,36,51,16,0.00,
2022-03-13,09:51,38,52,16,0.00,
2022-03-13,10:51,42,48,14,0.00,
2022-03-13,11:51,44,48,17,0.00,
2022-03-13,12:51,46,49,10,0.00,
2022-03-13,13:51,49,47,16,0.00,
2022-03-13,14:51,50,47,18,0.00,
2022-03-13,15:51,50,49,15,0.00,
2022-03-13,16:51,50,47,9,0.00,
2022-03-13,17:51,49,49,9,0.00,
2022-03-13,18:51,46,57,7,0.00,
2022-03-13,19:51,44,62,7,0.00,
2022-03-13,20:51,43,64,6,0.00,
2022-03-13,21:51,43,64,6,0.00,
2022-03-13,22:51,43,67,6,0.00,
2022-03-13,23:51,41,70,0,0.00,
2022-03-14,00:51,41,73,3,0.00,
2022-03-14,01:51,40,73,0,0.00,
2022-03-14,02:51,41,73,6,0.00,
2022-03-14,03:51,41,70,6,0.00,
2022-03-14,04:51,41,70,0,0.00,
2022-03-14,05:51,40,69,3,0.00,
2022-03-14,06:51,41,70,6,0.00,
2022-03-14,07:51,44,65,10,0.00,
2022-03-14,08:51,48,53,13,0.00,
2022-03-14,09:51,53,44,16,0.00,
2022-03-14,10:51,55,43,20,0.00,
2022-03-14,11:51,58,40,17,0.00,
2022-03-14,12:51,60,36,17,0.00,
2022-03-14,13:51,61,36,14,0.00,
2022-03-14,14:51,63,32,13,0.00,
2022-03-14,15:51,62,33,14,0.00,
2022-03-14,16:51,61,36,11,0.00,
2022-03-14,17:51,59,40,13,0.00,
2022-03-14,18:51,42,72,10,0.00,
2022-03-14,19:51,40,79,11,0.00,
2022-03-14,20:51,38,78,11,0.00,
2022-03-14,21:51,38,78,8,0.00,
2022-03-14,22:51,38,78,8,0.00,
2022-03-14,23:51,39,75,5,0.00,
2022-03-15,00:51,38,78,0,0.00,
2022-03-15,01:51,39,75,6,0.00,
2022-03-15,02:51,38,78,7,0.00,
2022-03-15,03:51,37,81,5,0.00,
2022-03-15,04:51,37,78,6,0.00,
2022-03-15,05:51,37,81,10,0.00,
2022-03-15,06:51,38,78,9,0.00,
2022-03-15,07:51,38,78,7,0.00,
2022-03-15,08:51,42,72,8,0.00,
2022-03-15,09:51,44,65,11,0.00,
2022-03-15,10:51,48,58,6,0.00,
2022-03-15,11:51,49,54,7,0.00,
2022-03-15,12:51,51,51,5,0.00,
2022-03-15,13:51,53,48,8,0.00,
2022-03-15,14:51,54,46,7,0.00,
2022-03-15,15:51,51,51,10,0.00,
2022-03-15,16:51,49,56,9,0.00,
2022-03-15,17:51,44,65,7,0.00,
2022-03-15,18:51,41,70,6,0.00,
2022-03-15,19:51,41,70,5,0.00,
2022-03-15,20:51,39,75,5,0.00,
2022-03-15,21:51,38,78,5,0.00,
2022-03-15,22:51,38,78,0,0.00,
2022-03-15,23:51,38,75,3,0.00,
2022-03-16,00:51,38,75,0,0.00,
2022-03-16,01:51,37,75,0,0.00,
2022-03-16,02:51,38,78,0,0.00,
2022-03-16,03:51,40,76,0,0.00,
2022-03-16,04:51,41,75,0,0.00,
2022-03-16,05:51,40,79,3,0.00,
2022-03-16,06:51,41,79,0,0.00,
2022-03-16,07:51,45,79,5,0.00,
2022-03-16,08:51,53,68,6,0.00,
2022-03-16,09:51,60,55,13,0.00,
2022-03-16,10:51,65,44,16,0.00,
2022-03-16,11:51,68,42,15,0.00,
2022-03-16,12:51,67,43,15,0.00,
2022-03-16,13:51,68,40,16,0.00,
2022-03-16,14:51,69,40,18,0.00,
2022-03-16,15:51,68,40,20,0.00,
2022-03-16,16:51,68,42,14,0.00,
2022-03-16,17:51,66,44,11,0.00,
2022-03-16,18:51,63,50,7,0.00,
2022-03-16,19:51,60,55,6,0.00,
2022-03-16,20:51,59,57,7,0.00,
2022-03-16,21:51,58,59,8,0.00,
2022-03-16,22:51,57,59,5,0.00,
2022-03-16,23:51,56,61,6,0.00,
2022-03-17,00:51,54,66,8,0.00,
2022-03-17,01:51,53,66,6,0.00,
2022-03-17,02:51,51,71,6,0.00,
2022-03-17,03:51,50,71,6,0.00,
2022-03-17,04:51,51,68,7,0.00,
2022-03-17,05:51,50,71,3,0.00,
2022-03-17,06:51,50,74,3,0.00,
2022-03-17,07:51,53,68,3,0.00,
2022-03-17,08:51,58,59,7,0.00,
2022-03-17,09:51,61,53,6,0.00,
2022-03-17,10:51,63,51,5,0.00,
2022-03-17,11:51,68,43,3,0.00,
2022-03-17,12:51,73,38,3,0.00,
2022-03-17,13:51,67,45,15,0.00,
2022-03-17,14:51,61,51,15,0.00,
2022-03-17,15:51,58,55,14,0.00,
2022-03-17,16:51,56,54,10,0.00,
2022-03-17,17:51,53,56,11,0.00,
2022-03-17,18:51,51,58,9,0.00,
2022-03-17,19:51,50,60,13,0.00,
2022-03-17,20:51,49,65,8,0.00,
2022-03-17,21:51,49,70,6,0.00,
2022-03-17,22:51,48,73,7,0.00,
2022-03-17,23:51,47,76,7,0.00,
2022-03-18,00:51,47,70,6,0.00,
2022-03-18,01:51,46,73,11,0.00,
2022-03-18,02:51,44,76,14,0.00,
2022-03-18,03:51,41,79,13,0.00,
2022-03-18,04:51,41,79,13,0.00,
2022-03-18,05:51,41,79,20,0.00,
2022-03-18,06:51,41,79,22,0.00,
2022-03-18,07:51,41,75,24,0.00,
2022-03-18,08:51,43,70,22,0.00,
2022-03-18,09:51,43,76,21,0.00,
2022-03-18,10:51,44,70,21,0.00,
2022-03-18,11:51,45,70,20,0.00,
2022-03-18,12:51,42,85,20,0.09,
2022-03-18,13:51,41,85,14,0.22,
2022-03-18,14:51,41,85,18,0.09,
2022-03-18,15:51,41,85,18,0.05,
2022-03-18,16:51,41,85,22,0.01,
2022-03-18,17:51,41,85,16,0.00,
2022-03-18,18:51,41,85,21,0.01,
2022-03-18,19:51,40,89,17,0.03,
2022-03-18,20:51,40,89,17,0.07,
2022-03-18,21:51,40,89,17,0.04,
2022-03-18,22:51,40,89,16,0.01,
2022-03-18,23:51,40,89,15,0.02,
2022-03-19,00:51,40,89,18,0.00,
2022-03-19,01:51,40,89,17,0.00,
2022-03-19,02:51,40,85,16,0.02,
2022-03-19,03:51,39,88,15,0.00,
2022-03-19,04:51,38,89,14,0.00,
2022-03-19,05:51,38,89,11,0.00,
2022-03-19,06:51,38,85,13,0.00,
2022-03-19,07:51,38,89,11,0.00,
2022-03-19,08:51,39,88,9,0.00,
2022-03-19,09:51,39,85,9,0.00,
2022-03-19,10:51,39,81,14,0.00,
2022-03-19,11:51,39,85,10,0.01,
2022-03-19,12:51,39,85,13,0.00,
2022-03-19,13:51,40,85,10,0.01,
2022-03-19,14:51,41,82,10,0.00,
2022-03-19,15:51,43,82,8,0.00,
2022-03-19,16:51,43,82,11,0.01,
2022-03-19,17:51,43,82,8,0.01,
2022-03-19,18:51,43,82,3,0.00,
2022-03-19,19:51,42,78,0,0.00,
2022-03-19,20:51,40,85,0,0.00,
2022-03-19,21:51,39,85,6,0.00,
2022-03-19,22:51,39,81,3,0.00,
2022-03-19,23:51,38,82,5,0.00,
2022-03-20,00:51,38,78,6,0.00,
2022-03-20,01:51,37,78,8,0.00,
2022-03-20,02:51,37,75,7,0.00,
2022-03-20,03:51,36,78,7,0.00,
2022-03-20,04:51,36,75,7,0.00,
2022-03-20,05:51,34,78,0,0.00,
2022-03-20,06:51,36,81,3,0.00,
2022-03-20,07:51,40,73,8,0.00,
2022-03-20,08:51,46,62,5,0.00,
2022-03-20,09:51,50,49,7,0.00,
2022-03-20,10:51,54,41,7,0.00,
2022-03-20,11:51,56,38,8,0.00,
2022-03-20,12:51,59,35,9,0.00,
2022-03-20,13:51,60,40,14,0.00,
2022-03-20,14:51,61,44,6,0.00,
2022-03-20,15:51,62,36,9,0.00,
2022-03-20,16:51,62,33,13,0.00,
2022-03-20,17:51,59,33,6,0.00,
2022-03-20,18:51,55,43,3,0.00,
2022-03-20,19:51,51,51,5,0.00,
2022-03-20,20:51,49,56,5,0.00,
2022-03-20,21:51,51,49,5,0.00,
2022-03-20,22:51,49,56,5,0.00,
2022-03-20,23:51,45,68,3,0.00,
2022-03-21,00:51,44,70,3,0.00,
2022-03-21,01:51,44,67,3,0.00,
2022-03-21,02:51,43,70,0,0.00,
2022-03-21,03:51,42,72,0,0.00,
2022-03-21,04:51,44,70,5,0.00,
2022-03-21,05:51,44,70,6,0.00,
2022-03-21,06:51,48,65,7,0.00,
2022-03-21,07:51,57,45,14,0.00,
2022-03-21,08:51,59,40,17,0.00,
2022-03-21,09:51,63,38,13,0.00,
2022-03-21,10:51,66,37,14,0.00,
2022-03-21,11:51,69,34,11,0.00,
2022-03-21,12:51,72,32,14,0.00,
2022-03-21,13:51,73,31,14,0.00,
2022-03-21,14:51,73,27,15,0.00,
2022-03-21,15:51,72,30,13,0.00,
2022-03-21,16:51,71,28,10,0.00,
2022-03-21,17:51,69,33,6,0.00,
2022-03-21,18:51,66,35,7,0.00,
2022-03-21,19:51,63,41,3,0.00,
2022-03-21,20:51,62,44,7,0.00,
2022-03-21,21:51,52,61,7,0.00,
2022-03-21,22:51,50,65,8,0.00,
2022-03-21,23:51,50,65,5,0.00,
2022-03-22,00:51,49,68,5,0.00,
2022-03-22,01:51,49,68,5,0.00,
2022-03-22,02:51,49,65,0,0.00,
2022-03-22,03:51,49,65,0,0.00,
2022-03-22,04:51,56,57,9,0.00,
2022-03-22,05:51,53,73,11,0.00,
2022-03-22,06:51,51,82,10,0.01,
2022-03-22,07:51,51,82,10,0.01,
2022-03-22,08:51,51,85,17,0.04,
2022-03-22,09:51,51,82,22,0.00,
2022-03-22,10:51,51,79,23,0.00,
2022-03-22,11:51,50,79,15,0.00,
2022-03-22,12:51,53,73,14,0.00,
2022-03-22,13:51,54,71,14,0.00,
2022-03-22,14:51,54,74,10,0.00,
2022-03-22,15:51,52,74,11,0.00,
2022-03-22,16:51,53,82,18,0.01,
2022-03-22,17:51,51,82,20,0.00,
2022-03-22,18:51,49,86,15,0.00,
2022-03-22,19:51,48,86,11,0.00,
2022-03-22,20:51,48,86,15,0.02,
2022-03-22,21:51,47,89,10,0.01,
2022-03-22,22:51,46,85,9,0.05,
2022-03-22,23:51,46,85,8,0.07,
2022-03-23,00:51,48,89,11,0.13,
2022-03-23,01:51,49,89,9,0.07,
2022-03-23,02:51,50,89,9,0.04,
2022-03-23,03:51,51,89,9,0.00,
2022-03-23,04:51,52,89,9,0.00,
2022-03-23,05:51,52,92,6,0.00,
2022-03-23,06:51,53,89,8,0.00,
2022-03-23,07:51,53,89,3,0.00,
2022-03-23,08:51,53,92,7,0.00,
2022-03-23,09:51,54,92,5,0.00,
2022-03-23,10:51,55,89,3,0.00,
2022-03-23,11:51,55,93,6,0.00,
2022-03-23,12:51,57,93,7,0.00,
2022-03-23,13:51,57,86,8,0.00,
2022-03-23,14:51,57,86,5,0.02,
2022-03-23,15:51,55,86,7,0.00,
2022-03-23,16:51,54,89,0,0.06,
2022-03-23,17:51,54,86,8,0.01,
2022-03-23,18:51,52,89,9,0.04,
2022-03-23,19:51,51,89,10,0.00,
2022-03-23,20:51,50,89,13,0.00,
2022-03-23,21:51,48,89,15,0.00,
2022-03-23,22:51,47,86,15,0.00,
2022-03-23,23:51,46,89,18,0.00,
2022-03-24,00:51,46,85,14,0.00,
2022-03-24,01:51,45,89,11,0.00,
2022-03-24,02:51,44,85,9,0.05,
2022-03-24,03:51,43,85,8,0.08,
2022-03-24,04:51,42,88,6,0.03,
2022-03-24,05:51,42,88,5,0.01,
2022-03-24,06:51,42,88,5,0.00,
2022-03-24,07:51,42,85,8,0.00,
2022-03-24,08:51,42,88,8,0.01,
2022-03-24,09:51,42,85,13,0.00,
2022-03-24,10:51,42,85,8,0.00,
2022-03-24,11:51,42,82,10,0.00,
2022-03-24,12:51,43,85,8,0.00,
2022-03-24,13:51,44,78,10,0.00,
2022-03-24,14:51,43,85,8,0.01,
2022-03-24,15:51,44,82,6,0.02,
2022-03-24,16:51,43,82,9,0.01,
2022-03-24,17:51,42,85,7,0.01,
2022-03-24,18:51,39,88,6,0.01,
2022-03-24,19:51,41,85,7,0.01,
2022-03-24,20:51,41,82,7,0.00,
2022-03-24,21:51,40,85,7,0.00,
2022-03-24,22:51,40,85,9,0.00,
2022-03-24,23:51,39,85,6,0.00,
2022-03-25,00:51,39,85,5,0.00,
2022-03-25,01:51,39,85,8,0.00,
2022-03-25,02:51,39,85,8,0.00,
2022-03-25,03:51,39,85,8,0.00,
2022-03-25,04:51,39,85,9,0.00,
2022-03-25,05:51,40,82,8,0.00,
2022-03-25,06:51,40,85,13,0.00,
2022-03-25,07:51,41,82,11,0.01,
2022-03-25,08:51,43,73,7,0.00,
2022-03-25,09:51,46,65,14,0.00,
2022-03-25,10:51,45,70,18,0.00,
2022-03-25,11:51,43,79,18,0.00,
2022-03-25,12:51,43,82,16,0.00,
2022-03-25,13:51,44,76,20,0.00,
2022-03-25,14:51,47,49,24,0.00,
2022-03-25,15:51,41,70,17,0.00,
2022-03-25,16:51,43,59,20,0.00,
2022-03-25,17:51,41,50,22,0.00,
2022-03-25,18:51,40,57,21,0.00,
2022-03-25,19:51,38,69,20,0.00,
2022-03-25,20:51,37,64,18,0.00,
2022-03-25,21:51,36,64,21,0.00,
2022-03-25,22:51,35,69,15,0.00,
2022-03-25,23:51,35,72,16,0.00,
2022-03-26,00:51,34,72,13,0.00,
2022-03-26,01:51,35,63,14,0.00,
2022-03-26,02:51,34,63,11,0.00,
2022-03-26,03:51,34,69,11,0.00,
2022-03-26,04:51,33,66,15,0.00,
2022-03-26,05:51,32,65,17,0.00,
2022-03-26,06:51,32,60,15,0.00,
2022-03-26,07:51,32,58,18,0.00,
2022-03-26,08:51,31,60,16,0.00,
2022-03-26,09:51,31,60,17,0.00,
2022-03-26,10:51,31,53,15,0.00,
2022-03-26,11:51,31,51,21,0.00,
2022-03-26,12:51,30,53,18,0.00,
2022-03-26,13:51,30,50,20,0.00,
2022-03-26,14:51,29,55,13,0.00,
2022-03-26,15:51,30,53,15,0.00,
2022-03-26,16:51,29,55,16,0.00,
2022-03-26,17:51,29,55,18,0.00,
2022-03-26,18:51,29,53,20,0.00,
2022-03-26,19:51,29,53,11,0.00,
2022-03-26,20:51,29,53,10,0.00,
2022-03-26,21:51,28,55,10,0.00,
2022-03-26,22:51,28,52,7,0.00,
2022-03-26,23:51,27,54,7,0.00,
2022-03-27,00:51,26,59,6,0.00,
2022-03-27,01:51,25,65,6,0.00,
2022-03-27,02:51,25,65,8,0.00,
2022-03-27,03:51,25,59,9,0.00,
2022-03-27,04:51,24,59,11,0.00,
2022-03-27,05:51,23,59,10,0.00,
2022-03-27,06:51,25,52,14,0.00,
2022-03-27,07:51,26,43,20,0.00,
2022-03-27,08:51,28,42,14,0.00,
2022-03-27,09:51,30,39,15,0.00,
2022-03-27,10:51,31,37,5,0.00,
2022-03-27,11:51,33,35,11,0.00,
2022-03-27,12:51,34,33,8,0.00,
2022-03-27,13:51,35,33,8,0.00,
2022-03-27,14:51,35,31,7,0.00,
2022-03-27,15:51,35,30,10,0.00,
2022-03-27,16:51,35,31,10,0.00,
2022-03-27,17:51,33,34,10,0.00,
2022-03-27,18:51,29,53,9,0.00,
2022-03-27,19:51,27,57,6,0.00,
2022-03-27,20:51,27,60,5,0.00,
2022-03-27,21:51,28,57,3,0.00,
2022-03-27,22:51,26,62,5,0.00,
2022-03-27,23:51,26,62,5,0.00,
2022-03-28,00:51,25,54,9,0.00,
2022-03-28,01:51,24,51,6,0.00,
2022-03-28,02:51,25,45,8,0.00,
2022-03-28,03:51,24,47,11,0.00,
2022-03-28,04:51,23,49,9,0.00,
2022-03-28,05:51,23,52,10,0.00,
2022-03-28,06:51,25,45,8,0.00,
2022-03-28,07:51,27,40,9,0.00,
2022-03-28,08:51,29,35,10,0.00,
2022-03-28,09:51,31,31,11,0.00,
2022-03-28,10:51,32,32,13,0.00,
2022-03-28,11:51,33,35,7,0.00,
2022-03-28,12:51,34,36,10,0.00,
2022-03-28,13:51,34,37,9,0.00,
2022-03-28,14:51,35,36,7,0.00,
2022-03-28,15:51,34,37,10,0.00,
2022-03-28,16:51,32,43,10,0.00,
2022-03-28,17:51,30,44,9,0.00,
2022-03-28,18:51,28,50,9,0.00,
2022-03-28,19:51,28,52,9,0.00,
2022-03-28,20:51,28,55,7,0.00,
2022-03-28,21:51,28,55,6,0.00,
2022-03-28,22:51,29,57,8,0.00,
2022-03-28,23:51,29,60,9,0.00,
2022-03-29,00:51,30,58,8,0.00,
2022-03-29,01:51,30,58,9,0.00,
2022-03-29,02:51,30,58,8,0.00,
2022-03-29,03:51,31,51,9,0.00,
2022-03-29,04:51,31,56,11,0.00,
2022-03-29,05:51,30,65,14,0.00,
2022-03-29,06:51,31,58,16,0.00,
2022-03-29,07:51,32,55,11,0.00,
2022-03-29,08:51,34,47,16,0.00,
2022-03-29,09:51,36,42,18,0.00,
2022-03-29,10:51,38,42,14,0.00,
2022-03-29,11:51,40,35,13,0.00,
2022-03-29,12:51,43,30,16,0.00,
2022-03-29,13:51,42,30,18,0.00,
2022-03-29,14:51,42,36,18,0.00,
2022-03-29,15:51,41,39,23,0.00,
2022-03-29,16:51,41,39,21,0.00,
2022-03-29,17:51,41,40,18,0.00,
2022-03-29,18:51,42,39,17,0.00,
2022-03-29,19:51,42,40,17,0.00,
2022-03-29,20:51,43,36,20,0.00,
2022-03-29,21:51,43,37,16,0.00,
2022-03-29,22:51,44,39,15,0.00,
2022-03-29,23:51,44,43,11,0.00,
2022-03-30,00:51,44,45,15,0.00,
2022-03-30,01:51,45,47,18,0.00,
2022-03-30,02:51,45,51,16,0.00,
2022-03-30,03:51,47,53,11,0.00,
2022-03-30,04:51,49,58,14,0.00,
2022-03-30,05:51,48,62,16,0.00,
2022-03-30,06:51,50,68,21,0.00,
2022-03-30,07:51,54,69,18,0.00,
2022-03-30,08:51,57,68,11,0.00,
2022-03-30,09:51,56,77,11,0.00,
2022-03-30,10:51,55,89,11,0.15,
2022-03-30,11:51,56,90,8,0.17,
2022-03-30,12:51,57,89,15,0.24,
2022-03-30,13:51,59,86,13,0.14,
2022-03-30,14:51,59,89,5,0.05,
2022-03-30,15:51,60,89,13,0.01,
2022-03-30,16:51,60,86,8,0.03,
2022-03-30,17:51,59,89,7,0.07,
2022-03-30,18:51,58,93,3,0.06,
2022-03-30,19:51,58,90,6,0.04,
2022-03-30,20:51,57,93,3,0.01,
2022-03-30,21:51,57,93,3,0.00,
2022-03-30,22:51,57,93,22,0.03,
2022-03-30,23:51,49,89,10,0.13,
2022-03-31,00:51,47,89,11,0.04,
2022-03-31,01:51,43,88,8,0.06,
2022-03-31,02:51,43,85,7,0.16,
2022-03-31,03:51,42,85,13,0.11,
2022-03-31,04:51,39,88,16,0.06,
2022-03-31,05:51,38,85,7,0.01,
2022-03-31,06:51,38,85,9,0.00,
2022-03-31,07:51,37,85,9,0.00,
2022-03-31,08:51,36,89,13,0.03,
2022-03-31,09:51,38,85,15,0.00,
2022-03-31,10:51,36,81,16,0.00,
2022-03-31,11:51,37,78,11,0.00,
2022-03-31,12:51,37,78,9,0.00,
2022-03-31,13:51,37,72,11,0.00,
2022-03-31,14:51,37,69,10,0.00,
2022-03-31,15:51,36,75,8,0.00,
2022-03-31,16:51,36,75,8,0.00,
2022-03-31,17:51,36,75,9,0.00,
2022-03-31,18:51,35,78,7,0.00,
2022-03-31,19:51,35,78,8,0.00,
2022-03-31,20:51,35,81,6,0.00,
2022-03-31,21:51,35,81,7,0.01,
2022-03-31,22:51,33,81,11,0.01,
2022-03-31,23:51,33,81,9,0.00,
2022-04-01,00:51,33,81,11,0.00,
2022-04-01,01:51,32,81,7,0.00,
2022-04-01,02:51,32,78,15,0.00,
2022-04-01,03:51,32,75,10,0.00,
2022-04-01,04:51,32,72,11,0.00,
2022-04-01,05:51,31,75,14,0.00,
2022-04-01,06:51,32,72,9,0.00,
2022-04-01,07:51,34,69,10,0.00,
2022-04-01,08:51,37,64,10,0.00,
2022-04-01,09:51,38,57,11,0.00,
2022-04-01,10:51,40,54,14,0.00,
2022-04-01,11:51,41,50,10,0.00,
2022-04-01,12:51,42,46,3,0.00,
2022-04-01,13:51,45,45,9,0.00,
2022-04-01,14:51,45,45,8,0.00,
2022-04-01,15:51,45,43,5,0.00,
2022-04-01,16:51,43,50,10,0.00,
2022-04-01,17:51,39,59,10,0.00,
2022-04-01,18:51,37,64,7,0.00,
2022-04-01,19:51,36,66,7,0.00,
2022-04-01,20:51,35,69,6,0.00,
2022-04-01,21:51,35,72,5,0.00,
2022-04-01,22:51,34,75,6,0.00,
2022-04-01,23:51,35,75,3,0.00,
2022-04-02,00:51,34,75,5,0.00,
2022-04-02,01:51,34,75,6,0.00,
2022-04-02,02:51,34,75,5,0.00,
2022-04-02,03:51,33,77,6,0.00,
2022-04-02,04:51,35,75,6,0.00,
2022-04-02,05:51,35,75,6,0.00,
2022-04-02,06:51,36,72,8,0.00,
2022-04-02,07:51,39,64,8,0.00,
2022-04-02,08:51,40,64,15,0.00,
2022-04-02,09:51,41,59,15,0.00,
2022-04-02,10:51,42,59,7,0.00,
2022-04-02,11:51,40,73,7,0.01,
2022-04-02,12:51,37,85,8,0.13,
2022-04-02,13:51,37,88,0,0.08,
2022-04-02,14:51,34,85,8,0.09,
2022-04-02,15:51,34,88,10,0.03,
2022-04-02,16:51,36,89,10,0.00,
2022-04-02,17:51,36,89,11,0.00,
2022-04-02,18:51,37,85,10,0.00,
2022-04-02,19:51,37,85,7,0.00,
2022-04-02,20:51,37,85,6,0.00,
2022-04-02,21:51,36,85,7,0.00,
2022-04-02,22:51,35,84,5,0.00,
2022-04-02,23:51,35,84,6,0.00,
2022-04-03,00:51,36,89,5,0.00,
2022-04-03,01:51,36,85,3,0.00,
2022-04-03,02:51,34,85,0,0.00,
2022-04-03,03:51,33,81,3,0.00,
2022-04-03,04:51,34,85,3,0.00,
2022-04-03,05:51,33,84,0,0.00,
2022-04-03,06:51,35,95,3,0.00,
2022-04-03,07:51,41,85,6,0.00,
2022-04-03,08:51,43,82,6,0.00,
2022-04-03,09:51,45,73,3,0.00,
2022-04-03,10:51,47,63,0,0.00,
2022-04-03,11:51,50,63,6,0.00,
2022-04-03,12:51,50,60,9,0.00,
2022-04-03,13:51,47,65,8,0.00,
2022-04-03,14:51,49,63,9,0.00,
2022-04-03,15:51,47,63,9,0.00,
2022-04-03,16:51,45,65,8,0.00,
2022-04-03,17:51,43,70,8,0.00,
2022-04-03,18:51,41,75,8,0.00,
2022-04-03,19:51,40,79,5,0.00,
2022-04-03,20:51,40,79,6,0.00,
2022-04-03,21:51,40,82,5,0.02,
2022-04-03,22:51,40,82,3,0.09,
2022-04-03,23:51,40,85,8,0.06,
2022-04-04,00:51,42,88,9,0.02,
2022-04-04,01:51,43,85,7,0.01,
2022-04-04,02:51,43,88,10,0.04,
2022-04-04,03:51,43,88,8,0.02,
2022-04-04,04:51,44,85,9,0.00,
2022-04-04,05:51,44,85,10,0.00,
2022-04-04,06:51,46,82,9,0.00,
2022-04-04,07:51,50,74,13,0.00,
2022-04-04,08:51,51,73,18,0.00,
2022-04-04,09:51,49,74,16,0.00,
2022-04-04,10:51,45,73,16,0.00,
2022-04-04,11:51,43,76,16,0.00,
2022-04-04,12:51,45,70,11,0.00,
2022-04-04,13:51,46,70,14,0.00,
2022-04-04,14:51,46,70,10,0.00,
2022-04-04,15:51,46,70,10,0.00,
2022-04-04,16:51,47,68,6,0.00,
2022-04-04,17:51,47,68,5,0.00,
2022-04-04,18:51,47,68,5,0.00,
2022-04-04,19:51,46,73,6,0.00,
2022-04-04,20:51,46,73,6,0.00,
2022-04-04,21:51,45,76,7,0.00,
2022-04-04,22:51,45,76,3,0.00,
2022-04-04,23:51,45,76,0,0.00,
2022-04-05,00:51,43,79,9,0.00,
2022-04-05,01:51,42,82,8,0.00,
2022-04-05,02:51,42,78,7,0.00,
2022-04-05,03:51,41,79,8,0.00,
2022-04-05,04:51,39,81,8,0.00,
2022-04-05,05:51,38,85,8,0.00,
2022-04-05,06:51,41,82,10,0.00,
2022-04-05,07:51,42,82,11,0.00,
2022-04-05,08:51,47,70,10,0.00,
2022-04-05,09:51,49,65,14,0.00,
2022-04-05,10:51,48,67,13,0.00,
2022-04-05,11:51,48,70,9,0.00,
2022-04-05,12:51,49,68,9,0.00,
2022-04-05,13:51,50,65,9,0.00,
2022-04-05,14:51,51,65,7,0.00,
2022-04-05,15:51,50,65,7,0.00,
2022-04-05,16:51,50,65,10,0.00,
2022-04-05,17:51,49,68,9,0.00,
2022-04-05,18:51,49,68,9,0.00,
2022-04-05,19:51,50,68,3,0.00,
2022-04-05,20:51,52,71,9,0.00,
2022-04-05,21:51,51,79,11,0.00,
2022-04-05,22:51,53,82,11,0.00,
2022-04-05,23:51,53,85,10,0.05,
2022-04-06,00:51,53,89,14,0.18,
2022-04-06,01:51,53,89,11,0.16,
2022-04-06,02:51,52,89,8,0.22,
2022-04-06,03:51,51,89,9,0.14,
2022-04-06,04:51,50,86,7,0.02,
2022-04-06,05:51,48,86,7,0.03,
2022-04-06,06:51,46,85,9,0.01,
2022-04-06,07:51,47,83,10,0.00,
2022-04-06,08:51,48,82,14,0.00,
2022-04-06,09:51,50,74,18,0.00,
2022-04-06,10:51,52,66,17,0.00,
2022-04-06,11:51,54,56,20,0.00,
2022-04-06,12:51,55,54,21,0.00,
2022-04-06,13:51,54,52,25,0.00,
2022-04-06,14:51,55,50,17,0.00,
2022-04-06,15:51,52,63,17,0.00,
2022-04-06,16:51,52,52,21,0.00,
2022-04-06,17:51,51,56,21,0.00,
2022-04-06,18:51,49,58,20,0.00,
2022-04-06,19:51,46,70,11,0.00,
2022-04-06,20:51,46,65,18,0.00,
2022-04-06,21:51,45,68,21,0.00,
2022-04-06,22:51,44,67,18,0.00,
2022-04-06,23:51,43,70,15,0.00,
2022-04-07,00:51,43,67,17,0.00,
2022-04-07,01:51,42,72,13,0.00,
2022-04-07,02:51,42,70,17,0.00,
2022-04-07,03:51,41,75,16,0.01,
2022-04-07,04:51,41,67,15,0.00,
2022-04-07,05:51,41,64,15,0.00,
2022-04-07,06:51,41,64,11,0.00,
2022-04-07,07:51,39,75,10,0.00,
2022-04-07,08:51,41,67,16,0.00,
2022-04-07,09:51,41,67,18,0.00,
2022-04-07,10:51,42,64,21,0.00,
2022-04-07,11:51,44,62,22,0.00,
2022-04-07,12:51,43,64,20,0.00,
2022-04-07,13:51,42,70,17,0.00,
2022-04-07,14:51,42,75,20,0.00,
2022-04-07,15:51,43,79,14,0.02,
2022-04-07,16:51,43,76,15,0.00,
2022-04-07,17:51,41,82,14,0.00,
2022-04-07,18:51,42,82,10,0.01,
2022-04-07,19:51,42,82,9,0.00,
2022-04-07,20:51,41,82,10,0.02,
2022-04-07,21:51,41,82,10,0.00,
2022-04-07,22:51,40,82,7,0.00,
2022-04-07,23:51,38,85,7,0.00,
2022-04-08,00:51,38,82,7,0.00,
2022-04-08,01:51,38,85,6,0.00,
2022-04-08,02:51,39,81,8,0.00,
2022-04-08,03:51,38,82,9,0.00,
2022-04-08,04:51,38,82,8,0.00,
2022-04-08,05:51,37,85,9,0.00,
2022-04-08,06:51,38,82,10,0.00,
2022-04-08,07:51,37,85,9,0.04,
2022-04-08,08:51,38,89,6,0.01,
2022-04-08,09:51,39,85,10,0.01,
2022-04-08,10:51,38,85,9,0.06,
2022-04-08,11:51,39,81,13,0.03,
2022-04-08,12:51,38,85,7,0.03,
2022-04-08,13:51,38,85,7,0.01,
2022-04-08,14:51,38,85,6,0.08,
2022-04-08,15:51,37,85,3,0.02,
2022-04-08,16:51,38,82,10,0.01,
2022-04-08,17:51,36,85,11,0.01,
2022-04-08,18:51,35,84,10,0.00,
2022-04-08,19:51,35,84,7,0.01,
2022-04-08,20:51,35,84,6,0.00,
2022-04-08,21:51,34,88,6,0.00,
2022-04-08,22:51,34,85,11,0.00,
2022-04-08,23:51,33,81,11,0.00,
2022-04-09,00:51,33,81,10,0.00,
2022-04-09,01:51,33,81,9,m,
2022-04-09,02:51,34,78,10,m,
2022-04-09,03:51,33,77,7,m,
2022-04-09,04:51,33,77,8,m,
2022-04-09,05:51,33,77,9,m,
2022-04-09,06:51,35,72,11,m,
2022-04-09,07:51,M,m,15,m,
2022-04-09,08:51,M,m,16,m,
2022-04-09,09:51,M,m,16,m,
2022-04-09,10:51,M,m,17,m,
2022-04-09,11:51,M,m,11,m,
2022-04-09,12:51,M,m,11,m,
2022-04-09,13:51,M,m,11,m,
2022-04-09,14:51,M,m,6,m,
2022-04-09,15:51,M,m,7,m,
2022-04-09,16:51,44,55,11,m,
2022-04-09,17:51,44,53,9,0.00,
2022-04-09,18:51,40,62,8,0.00,
2022-04-09,19:51,38,67,6,0.00,
2022-04-09,20:51,37,69,3,0.00,
2022-04-09,21:51,37,69,3,0.00,
2022-04-09,22:51,37,72,6,0.00,
2022-04-09,23:51,36,75,3,0.00,
2022-04-10,00:51,36,75,3,m,
2022-04-10,01:51,35,75,3,m,
2022-04-10,02:51,34,72,0,m,
2022-04-10,03:51,33,77,0,m,
2022-04-10,04:51,32,78,0,m,
2022-04-10,05:51,32,85,0,m,
2022-04-10,06:51,39,72,3,m,
2022-04-10,07:51,47,51,6,m,
2022-04-10,08:51,51,40,15,m,
2022-04-10,09:51,52,33,17,m,
2022-04-10,10:51,56,32,17,m,
2022-04-10,11:51,58,32,24,m,
2022-04-10,12:51,61,30,23,m,
2022-04-10,13:51,M,m,20,m,
2022-04-10,14:51,M,m,24,m,
2022-04-10,15:51,61,33,23,0.00,
2022-04-10,16:51,61,36,22,0.00,
2022-04-10,17:51,60,37,21,0.00,
2022-04-10,18:51,59,38,17,0.00,
2022-04-10,19:51,58,42,14,0.00,
2022-04-10,20:51,57,43,17,0.00,
2022-04-10,21:51,58,43,17,0.00,
2022-04-10,22:51,59,45,15,0.00,
2022-04-10,23:51,60,47,17,0.00,
2022-04-11,00:51,60,51,13,0.00,
2022-04-11,01:51,62,55,17,0.00,
2022-04-11,02:51,59,55,11,0.00,
2022-04-11,03:51,57,48,13,0.00,
2022-04-11,04:51,55,48,15,0.00,
2022-04-11,05:51,53,50,9,0.00,
2022-04-11,06:51,52,54,8,0.00,
2022-04-11,07:51,51,54,14,0.00,
2022-04-11,08:51,51,51,15,0.00,
2022-04-11,09:51,52,52,13,0.00,
2022-04-11,10:51,54,48,11,0.00,
2022-04-11,11:51,55,48,8,0.00,
2022-04-11,12:51,57,45,13,0.00,
2022-04-11,13:51,58,42,7,0.00,
2022-04-11,14:51,58,43,10,0.00,
2022-04-11,15:51,60,37,8,0.00,
2022-04-11,16:51,60,37,9,0.00,
2022-04-11,17:51,59,37,9,0.00,
2022-04-11,18:51,58,40,5,0.00,
2022-04-11,19:51,54,48,0,0.00,
2022-04-11,20:51,51,54,5,0.00,
2022-04-11,21:51,49,58,5,0.00,
2022-04-11,22:51,48,58,5,0.00,
2022-04-11,23:51,46,62,0,0.00,
2022-04-12,00:51,45,65,0,0.00,
2022-04-12,01:51,43,67,0,0.00,
2022-04-12,02:51,42,70,0,0.00,
2022-04-12,03:51,41,75,3,0.00,
2022-04-12,04:51,41,73,3,0.00,
2022-04-12,05:51,42,72,3,0.00,
2022-04-12,06:51,49,65,5,0.00,
2022-04-12,07:51,56,50,10,0.00,
2022-04-12,08:51,60,34,21,0.00,
2022-04-12,09:51,64,28,14,0.00,
2022-04-12,10:51,65,29,17,0.00,
2022-04-12,11:51,67,26,17,0.00,
2022-04-12,12:51,69,26,15,0.00,
2022-04-12,13:51,68,32,11,0.00,
2022-04-12,14:51,67,38,13,0.00,
2022-04-12,15:51,68,54,20,0.00,
2022-04-12,16:51,67,63,22,0.00,
2022-04-12,17:51,66,69,18,0.00,
2022-04-12,18:51,64,80,17,0.00,
2022-04-12,19:51,64,83,17,0.00,
2022-04-12,20:51,66,81,17,0.00,
2022-04-12,21:51,68,75,22,0.00,
2022-04-12,22:51,67,78,17,0.00,
2022-04-12,23:51,67,78,18,0.00,
2022-04-13,00:51,68,75,14,0.00,
2022-04-13,01:51,67,78,17,0.00,
2022-04-13,02:51,67,75,13,0.00,
2022-04-13,03:51,67,75,16,0.00,
2022-04-13,04:51,66,75,15,0.00,
2022-04-13,05:51,66,75,15,0.00,
2022-04-13,06:51,67,75,8,0.00,
2022-04-13,07:51,66,78,11,0.00,
2022-04-13,08:51,64,86,10,0.05,
2022-04-13,09:51,64,89,7,0.02,
2022-04-13,10:51,65,87,15,0.00,
2022-04-13,11:51,68,72,11,0.00,
2022-04-13,12:51,71,68,14,0.00,
2022-04-13,13:51,70,73,14,0.00,
2022-04-13,14:51,68,81,16,0.02,
2022-04-13,15:51,65,84,24,0.04,
2022-04-13,16:51,59,89,9,0.08,
2022-04-13,17:51,56,86,11,0.01,
2022-04-13,18:51,50,89,11,0.00,
2022-04-13,19:51,49,86,18,0.02,
2022-04-13,20:51,45,85,20,0.02,
2022-04-13,21:51,44,82,16,0.00,
2022-04-13,22:51,42,78,16,0.00,
2022-04-13,23:51,40,73,16,0.00,
2022-04-14,00:51,38,75,17,0.00,
2022-04-14,01:51,38,72,9,0.00,
2022-04-14,02:51,37,75,10,0.00,
2022-04-14,03:51,36,75,11,0.00,
2022-04-14,04:51,36,72,9,0.00,
2022-04-14,05:51,36,75,9,0.00,
2022-04-14,06:51,38,75,13,0.00,
2022-04-14,07:51,40,69,20,0.00,
2022-04-14,08:51,41,57,22,0.00,
2022-04-14,09:51,44,39,25,0.00,
2022-04-14,10:51,46,36,31,0.00,
2022-04-14,11:51,47,33,29,0.00,
2022-04-14,12:51,49,31,33,0.00,
2022-04-14,13:51,49,32,28,0.00,
2022-04-14,14:51,50,29,31,0.00,
2022-04-14,15:51,50,29,23,0.00,
2022-04-14,16:51,50,27,24,0.00,
2022-04-14,17:51,49,28,18,0.00,
2022-04-14,18:51,48,31,16,0.00,
2022-04-14,19:51,47,32,13,0.00,
2022-04-14,20:51,46,33,9,0.00,
2022-04-14,21:51,45,35,10,0.00,
2022-04-14,22:51,45,36,10,0.00,
2022-04-14,23:51,44,37,9,0.00,
2022-04-15,00:51,43,36,13,0.00,
2022-04-15,01:51,43,33,11,0.00,
2022-04-15,02:51,42,34,11,0.00,
2022-04-15,03:51,41,35,17,0.00,
2022-04-15,04:51,42,34,15,0.00,
2022-04-15,05:51,42,36,10,0.00,
2022-04-15,06:51,43,36,11,0.00,
2022-04-15,07:51,42,40,14,0.00,
2022-04-15,08:51,44,36,18,0.00,
2022-04-15,09:51,47,35,16,0.00,
2022-04-15,10:51,50,31,18,0.00,
2022-04-15,11:51,51,30,17,0.00,
2022-04-15,12:51,53,27,14,0.00,
2022-04-15,13:51,50,31,17,0.00,
2022-04-15,14:51,46,60,21,0.00,
2022-04-15,15:51,45,73,13,0.01,
2022-04-15,16:51,46,67,11,0.00,
2022-04-15,17:51,46,62,9,0.00,
2022-04-15,18:51,46,53,10,0.00,
2022-04-15,19:51,46,38,11,0.00,
2022-04-15,20:51,45,41,10,0.00,
2022-04-15,21:51,43,44,11,0.00,
2022-04-15,22:51,41,46,14,0.00,
2022-04-15,23:51,40,46,13,0.00,
2022-04-16,00:51,38,52,10,0.00,
2022-04-16,01:51,36,54,7,0.00,
2022-04-16,02:51,35,58,6,0.00,
2022-04-16,03:51,34,60,8,0.00,
2022-04-16,04:51,33,60,7,0.00,
2022-04-16,05:51,33,63,8,0.00,
2022-04-16,06:51,35,58,8,0.00,
2022-04-16,07:51,36,54,7,0.00,
2022-04-16,08:51,38,54,10,0.00,
2022-04-16,09:51,40,48,7,0.00,
2022-04-16,10:51,42,46,13,0.00,
2022-04-16,11:51,43,44,15,0.00,
2022-04-16,12:51,45,43,11,0.00,
2022-04-16,13:51,46,39,10,0.00,
2022-04-16,14:51,46,39,15,0.00,
2022-04-16,15:51,48,37,15,0.00,
2022-04-16,16:51,46,35,13,0.00,
2022-04-16,17:51,42,54,13,0.00,
2022-04-16,18:51,37,64,11,0.00,
2022-04-16,19:51,36,64,9,0.00,
2022-04-16,20:51,36,64,6,0.00,
2022-04-16,21:51,35,66,6,0.00,
2022-04-16,22:51,34,72,3,0.00,
2022-04-16,23:51,34,69,5,0.00,
2022-04-17,00:51,33,71,3,0.00,
2022-04-17,01:51,32,65,7,0.00,
2022-04-17,02:51,30,68,5,0.00,
2022-04-17,03:51,31,66,0,0.00,
2022-04-17,04:51,29,71,6,0.00,
2022-04-17,05:51,33,69,7,0.00,
2022-04-17,06:51,36,64,15,0.00,
2022-04-17,07:51,38,54,15,0.00,
2022-04-17,08:51,40,50,8,0.00,
2022-04-17,09:51,39,52,11,0.00,
2022-04-17,10:51,41,50,8,0.00,
2022-04-17,11:51,42,48,8,0.00,
2022-04-17,12:51,42,50,10,0.00,
2022-04-17,13:51,42,48,10,0.00,
2022-04-17,14:51,42,50,11,0.00,
2022-04-17,15:51,41,52,10,0.00,
2022-04-17,16:51,40,54,13,0.00,
2022-04-17,17:51,38,61,9,0.00,
2022-04-17,18:51,38,64,11,0.00,
2022-04-17,19:51,38,67,8,0.00,
2022-04-17,20:51,38,67,9,0.00,
2022-04-17,21:51,38,69,10,0.00,
2022-04-17,22:51,37,75,7,0.00,
2022-04-17,23:51,35,84,9,0.02,
2022-04-18,00:51,35,88,8,0.01,
2022-04-18,01:51,34,88,6,0.03,
2022-04-18,02:51,33,88,5,0.05,
2022-04-18,03:51,33,88,0,0.04,
2022-04-18,04:51,34,88,5,0.00,
2022-04-18,05:51,34,88,5,0.01,
2022-04-18,06:51,35,88,0,0.00,
2022-04-18,07:51,36,85,0,0.00,
2022-04-18,08:51,36,89,3,0.01,
2022-04-18,09:51,37,85,5,0.00,
2022-04-18,10:51,37,88,9,0.00,
2022-04-18,11:51,38,82,13,0.00,
2022-04-18,12:51,39,79,10,0.00,
2022-04-18,13:51,41,67,15,0.00,
2022-04-18,14:51,40,64,16,0.00,
2022-04-18,15:51,38,64,21,0.00,
2022-04-18,16:51,37,64,16,0.00,
2022-04-18,17:51,37,66,9,0.00,
2022-04-18,18:51,37,66,15,0.00,
2022-04-18,19:51,36,75,14,0.00,
2022-04-18,20:51,36,75,15,0.00,
2022-04-18,21:51,36,78,14,0.00,
2022-04-18,22:51,37,75,14,0.00,
2022-04-18,23:51,37,78,15,0.00,
2022-04-19,00:51,37,75,13,0.00,
2022-04-19,01:51,37,75,10,0.00,
2022-04-19,02:51,37,75,11,0.00,
2022-04-19,03:51,36,75,9,0.00,
2022-04-19,04:51,36,75,7,0.00,
2022-04-19,05:51,37,72,9,0.00,
2022-04-19,06:51,37,72,7,0.00,
2022-04-19,07:51,39,64,13,0.00,
2022-04-19,08:51,40,62,14,0.00,
2022-04-19,09:51,43,57,9,0.00,
2022-04-19,10:51,43,55,8,0.00,
2022-04-19,11:51,46,49,9,0.00,
2022-04-19,12:51,47,45,10,0.00,
2022-04-19,13:51,48,42,9,0.00,
2022-04-19,14:51,49,38,8,0.00,
2022-04-19,15:51,49,35,6,0.00,
2022-04-19,16:51,50,36,7,0.00,
2022-04-19,17:51,46,53,11,0.00,
2022-04-19,18:51,43,59,13,0.00,
2022-04-19,19:51,42,62,9,0.00,
2022-04-19,20:51,42,62,10,0.00,
2022-04-19,21:51,42,64,7,0.00,
2022-04-19,22:51,43,62,7,0.00,
2022-04-19,23:51,43,64,7,0.00,
2022-04-20,00:51,43,62,10,0.00,
2022-04-20,01:51,42,62,9,0.00,
2022-04-20,02:51,42,62,10,0.00,
2022-04-20,03:51,41,61,8,0.00,
2022-04-20,04:51,42,62,9,0.00,
2022-04-20,05:51,42,64,9,0.00,
2022-04-20,06:51,44,59,9,0.00,
2022-04-20,07:51,45,57,13,0.00,
2022-04-20,08:51,46,57,9,0.00,
2022-04-20,09:51,49,56,16,0.00,
2022-04-20,10:51,50,56,16,0.00,
2022-04-20,11:51,50,60,17,0.00,
2022-04-20,12:51,50,63,18,0.00,
2022-04-20,13:51,50,65,17,0.00,
2022-04-20,14:51,51,58,15,0.00,
2022-04-20,15:51,50,65,20,0.00,
2022-04-20,16:51,50,68,16,0.00,
2022-04-20,17:51,51,68,13,0.02,
2022-04-20,18:51,51,73,14,0.09,
2022-04-20,19:51,50,79,17,0.03,
2022-04-20,20:51,50,86,16,0.05,
2022-04-20,21:51,50,89,18,0.01,
2022-04-20,22:51,50,89,15,0.03,
2022-04-20,23:51,51,89,18,0.01,
2022-04-21,00:51,52,89,17,0.04,
2022-04-21,01:51,52,89,15,0.00,
2022-04-21,02:51,52,89,11,0.01,
2022-04-21,03:51,52,86,9,0.00,
2022-04-21,04:51,50,82,9,0.00,
2022-04-21,05:51,50,79,13,0.00,
2022-04-21,06:51,50,76,11,0.00,
2022-04-21,07:51,51,76,11,0.00,
2022-04-21,08:51,54,69,11,0.00,
2022-04-21,09:51,57,63,14,0.00,
2022-04-21,10:51,60,59,10,0.00,
2022-04-21,11:51,62,55,13,0.00,
2022-04-21,12:51,64,53,16,0.00,
2022-04-21,13:51,66,49,13,0.00,
2022-04-21,14:51,67,41,16,0.00,
2022-04-21,15:51,67,37,14,0.00,
2022-04-21,16:51,67,30,14,0.00,
2022-04-21,17:51,66,32,13,0.00,
2022-04-21,18:51,63,39,5,0.00,
2022-04-21,19:51,60,47,0,0.00,
2022-04-21,20:51,58,51,3,0.00,
2022-04-21,21:51,54,62,6,0.00,
2022-04-21,22:51,53,58,0,0.00,
2022-04-21,23:51,53,58,0,0.00,
2022-04-22,00:51,50,66,7,0.00,
2022-04-22,01:51,50,58,8,0.00,
2022-04-22,02:51,51,50,7,0.00,
2022-04-22,03:51,48,62,9,0.00,
2022-04-22,04:51,47,76,7,0.01,
2022-04-22,05:51,48,71,5,0.00,
2022-04-22,06:51,48,71,7,0.00,
2022-04-22,07:51,50,71,9,0.00,
2022-04-22,08:51,51,76,9,0.01,
2022-04-22,09:51,53,71,9,0.00,
2022-04-22,10:51,51,76,11,0.01,
2022-04-22,11:51,52,76,10,0.02,
2022-04-22,12:51,49,87,15,0.12,
2022-04-22,13:51,49,86,16,0.25,
2022-04-22,14:51,49,89,16,0.23,
2022-04-22,15:51,50,87,20,0.15,
2022-04-22,16:51,50,87,15,0.00,
2022-04-22,17:51,51,82,10,0.00,
2022-04-22,18:51,51,82,11,0.00,
2022-04-22,19:51,53,82,7,0.00,
2022-04-22,20:51,53,77,6,0.00,
2022-04-22,21:51,52,82,7,0.00,
2022-04-22,22:51,52,82,7,0.00,
2022-04-22,23:51,53,77,5,0.00,
2022-04-23,00:51,51,82,5,0.00,
2022-04-23,01:51,53,82,6,0.00,
2022-04-23,02:51,53,82,7,0.00,
2022-04-23,03:51,54,88,7,0.00,
2022-04-23,04:51,54,94,9,0.00,
2022-04-23,05:51,57,88,10,0.00,
2022-04-23,06:51,60,77,10,0.00,
2022-04-23,07:51,68,68,15,0.00,
2022-04-23,08:51,71,61,16,0.00,
2022-04-23,09:51,75,57,16,0.00,
2022-04-23,10:51,76,54,21,0.00,
2022-04-23,11:51,76,57,22,0.00,
2022-04-23,12:51,77,54,22,0.00,
2022-04-23,13:51,81,45,20,0.00,
2022-04-23,14:51,82,42,21,0.00,
2022-04-23,15:51,82,40,24,0.00,
2022-04-23,16:51,81,39,23,0.00,
2022-04-23,17:51,80,39,20,0.00,
2022-04-23,18:51,78,42,17,0.00,
2022-04-23,19:51,76,44,16,0.00,
2022-04-23,20:51,74,50,14,0.00,
2022-04-23,21:51,74,53,22,0.00,
2022-04-23,22:51,73,53,15,0.00,
2022-04-23,23:51,72,57,20,0.00,
2022-04-24,00:51,71,59,15,0.00,
2022-04-24,01:51,72,61,23,0.00,
2022-04-24,02:51,70,64,21,0.00,
2022-04-24,03:51,70,64,17,0.00,
2022-04-24,04:51,69,70,15,0.00,
2022-04-24,05:51,68,73,17,0.00,
2022-04-24,06:51,68,72,15,0.00,
2022-04-24,07:51,69,73,18,0.00,
2022-04-24,08:51,69,73,18,0.00,
2022-04-24,09:51,68,78,20,0.01,
2022-04-24,10:51,68,83,18,0.03,
2022-04-24,11:51,67,87,16,0.35,
2022-04-24,12:51,65,83,16,0.01,
2022-04-24,13:51,65,88,14,0.01,
2022-04-24,14:51,67,83,15,0.00,
2022-04-24,15:51,69,73,18,0.00,
2022-04-24,16:51,69,69,21,0.00,
2022-04-24,18:00,67,64,15,m,
2022-04-24,18:51,65,58,11,0.00,
2022-04-24,19:51,63,48,11,0.00,
2022-04-24,20:51,61,51,11,0.00,
2022-04-24,21:51,59,51,11,0.00,
2022-04-24,22:51,56,54,11,0.00,
2022-04-24,23:51,54,54,11,0.00,
2022-04-25,00:51,53,54,7,0.00,
2022-04-25,01:51,52,54,8,0.00,
2022-04-25,02:51,52,58,8,0.00,
2022-04-25,03:51,51,58,6,0.00,
2022-04-25,04:51,50,62,8,0.00,
2022-04-25,05:51,50,62,8,0.00,
2022-04-25,06:51,50,62,8,0.00,
2022-04-25,07:51,50,62,10,0.00,
2022-04-25,08:51,51,58,15,0.00,
2022-04-25,09:51,51,58,21,0.00,
2022-04-25,10:51,52,54,16,0.00,
2022-04-25,11:51,51,54,16,0.00,
2022-04-25,12:51,50,54,17,0.00,
2022-04-25,13:51,49,57,17,0.00,
2022-04-25,14:51,49,53,11,0.00,
2022-04-25,15:51,47,53,13,0.00,
2022-04-25,16:51,46,53,15,0.00,
2022-04-25,18:00,45,57,17,m,
2022-04-25,18:51,44,53,15,0.00,
2022-04-25,19:51,42,57,14,0.00,
2022-04-25,20:51,42,57,11,0.00,
2022-04-25,21:51,41,61,11,0.00,
2022-04-25,22:51,41,61,13,0.00,
2022-04-25,23:51,41,56,7,0.00,
2022-04-26,00:51,40,62,11,0.00,
2022-04-26,01:51,40,59,10,0.00,
2022-04-26,02:51,40,59,14,0.00,
2022-04-26,03:51,39,60,11,0.00,
2022-04-26,04:51,39,60,15,0.00,
2022-04-26,05:51,38,67,14,0.00,
2022-04-26,06:51,39,65,14,0.00,
2022-04-26,07:51,40,64,9,0.00,
2022-04-26,08:51,40,64,13,0.00,
2022-04-26,09:51,40,62,10,0.00,
2022-04-26,10:51,42,57,11,0.00,
2022-04-26,11:51,45,49,16,0.00,
2022-04-26,12:51,47,46,15,0.00,
2022-04-26,13:51,48,43,15,0.00,
2022-04-26,14:51,49,43,15,0.00,
2022-04-26,15:51,51,37,14,0.00,
2022-04-26,16:51,50,37,18,0.00,
2022-04-26,18:00,49,40,9,0.00,
2022-04-26,18:51,47,39,11,0.00,
2022-04-26,19:51,40,64,13,0.00,
2022-04-26,20:51,39,65,8,0.00,
2022-04-26,21:51,38,67,5,0.00,
2022-04-26,22:51,37,69,3,0.00,
2022-04-26,23:51,35,63,7,0.00,
2022-04-27,00:51,36,58,5,0.00,
2022-04-27,01:51,35,63,7,0.00,
2022-04-27,02:51,35,63,5,0.00,
2022-04-27,03:51,33,66,7,0.00,
2022-04-27,04:51,34,58,7,0.00,
2022-04-27,05:51,35,58,6,0.00,
2022-04-27,06:51,38,59,10,0.00,
2022-04-27,07:51,40,57,9,0.00,
2022-04-27,08:51,39,60,11,0.00,
2022-04-27,09:51,40,59,15,0.00,
2022-04-27,10:51,40,57,14,0.00,
2022-04-27,11:51,39,60,10,0.00,
2022-04-27,12:51,39,56,13,0.00,
2022-04-27,13:51,39,56,16,0.00,
2022-04-27,14:51,37,61,13,0.00,
2022-04-27,15:51,38,61,10,0.00,
2022-04-27,16:51,36,66,11,0.00,
2022-04-27,18:00,35,69,14,m,
2022-04-27,18:51,36,69,15,0.00,
2022-04-27,19:51,36,69,16,0.00,
2022-04-27,20:51,36,72,10,0.00,
2022-04-27,21:51,36,72,15,0.00,
2022-04-27,22:51,37,72,10,0.00,
2022-04-27,23:51,38,72,13,0.00,
2022-04-28,00:51,39,75,13,0.00,
2022-04-28,01:51,40,73,9,0.00,
2022-04-28,02:51,40,76,9,0.00,
2022-04-28,03:51,40,79,10,0.00,
2022-04-28,04:51,41,75,11,0.00,
2022-04-28,05:51,42,72,8,0.00,
2022-04-28,06:51,43,70,15,0.00,
2022-04-28,07:51,45,70,15,0.00,
2022-04-28,08:51,46,61,13,0.00,
2022-04-28,09:51,49,57,13,0.00,
2022-04-28,10:51,49,57,11,0.00,
2022-04-28,11:51,48,57,10,0.00,
2022-04-28,12:51,47,61,11,0.00,
2022-04-28,13:51,47,66,13,0.00,
2022-04-28,14:51,46,71,13,0.00,
2022-04-28,15:51,47,71,10,0.00,
2022-04-28,16:51,48,66,7,0.00,
2022-04-28,18:00,49,66,10,m,
2022-04-28,18:51,49,66,8,0.00,
2022-04-28,19:51,49,66,8,0.00,
2022-04-28,20:51,49,62,7,0.00,
2022-04-28,21:51,49,66,7,0.00,
2022-04-28,22:51,49,62,7,0.00,
2022-04-28,23:51,49,62,6,0.00,
2022-04-29,00:51,48,66,7,0.00,
2022-04-29,01:51,47,71,6,0.00,
2022-04-29,02:51,49,62,8,0.00,
2022-04-29,03:51,50,54,9,0.00,
2022-04-29,04:51,50,54,11,0.00,
2022-04-29,05:51,49,57,14,0.00,
2022-04-29,06:51,50,54,13,0.00,
2022-04-29,07:51,50,54,13,0.00,
2022-04-29,08:51,51,50,13,0.00,
2022-04-29,09:51,54,47,11,0.00,
2022-04-29,10:51,59,41,11,0.00,
2022-04-29,11:51,62,39,14,0.00,
2022-04-29,12:51,63,39,16,0.00,
2022-04-29,13:51,65,39,13,0.00,
2022-04-29,14:51,65,39,21,0.00,
2022-04-29,15:51,64,39,22,0.00,
2022-04-29,16:51,63,39,17,0.00,
2022-04-29,18:00,61,45,15,m,
2022-04-29,18:51,58,63,16,0.00,
2022-04-29,19:51,57,63,11,0.01,
2022-04-29,20:51,58,59,15,0.00,
2022-04-29,21:51,58,51,17,0.00,
2022-04-29,22:51,58,47,16,0.00,
2022-04-29,23:51,53,67,13,0.03,
2022-04-30,00:51,51,71,16,0.04,
2022-04-30,01:51,52,62,21,0.00,
2022-04-30,02:51,52,62,21,0.00,
2022-04-30,03:51,51,62,16,0.00,
2022-04-30,04:51,51,62,16,0.00,
2022-04-30,05:51,52,62,14,0.00,
2022-04-30,06:51,53,67,17,0.00,
2022-04-30,07:51,55,72,14,0.01,
2022-04-30,08:51,57,72,14,0.02,
2022-04-30,09:51,57,77,11,0.04,
2022-04-30,10:51,59,77,18,0.02,
2022-04-30,11:51,62,77,21,0.00,
2022-04-30,12:51,67,68,21,0.00,
2022-04-30,13:51,66,68,14,0.00,
2022-04-30,14:51,65,73,16,0.00,
2022-04-30,15:51,62,80,7,0.47,
2022-04-30,16:51,64,86,10,0.66,
2022-04-30,18:00,68,83,14,m,
2022-04-30,18:51,62,83,16,0.28,
2022-04-30,19:51,60,82,9,0.00,
2022-04-30,20:51,60,82,9,0.00,
2022-04-30,21:51,60,82,7,0.00,
2022-04-30,22:51,59,67,10,0.00,
2022-04-30,23:51,56,77,5,0.00,
2022-05-01,00:51,56,72,10,0.00,
2022-05-01,01:51,54,77,8,0.00,
2022-05-01,02:51,53,71,9,0.00,
2022-05-01,03:51,52,76,7,0.00,
2022-05-01,04:51,53,71,10,0.00,
2022-05-01,05:51,53,71,15,0.00,
2022-05-01,06:51,53,71,10,0.00,
2022-05-01,07:51,53,71,15,0.00,
2022-05-01,08:51,53,68,18,0.00,
2022-05-01,09:51,51,73,16,0.00,
2022-05-01,10:51,51,73,18,0.00,
2022-05-01,11:51,51,73,17,0.00,
2022-05-01,12:51,51,73,16,0.00,
2022-05-01,13:51,50,82,22,0.00,
2022-05-01,14:51,50,76,16,0.00,
2022-05-01,15:51,50,76,13,0.00,
2022-05-01,16:51,50,74,16,0.00,
2022-05-01,18:00,51,71,13,m,
2022-05-01,18:51,50,74,15,0.00,
2022-05-01,19:51,50,74,10,0.00,
2022-05-01,20:51,50,74,11,0.00,
2022-05-01,21:51,50,76,11,0.00,
2022-05-01,22:51,50,76,11,0.00,
2022-05-01,23:51,50,76,11,0.00,
2022-05-02,00:51,50,71,10,0.00,
2022-05-02,01:51,50,71,10,0.00,
2022-05-02,02:51,49,76,10,0.00,
2022-05-02,03:51,49,71,8,0.00,
2022-05-02,04:51,49,70,9,0.00,
2022-05-02,05:51,48,71,9,0.00,
2022-05-02,06:51,48,71,7,0.00,
2022-05-02,07:51,49,71,9,0.00,
2022-05-02,08:51,48,71,8,0.00,
2022-05-02,09:51,49,71,10,0.00,
2022-05-02,10:51,49,71,9,0.00,
2022-05-02,11:51,49,71,9,0.00,
2022-05-02,12:51,50,66,8,0.00,
2022-05-02,13:51,52,66,8,0.00,
2022-05-02,14:51,53,62,7,0.00,
2022-05-02,15:51,53,62,8,0.00,
2022-05-02,16:51,53,62,8,0.00,
2022-05-02,18:00,53,62,3,m,
2022-05-02,18:51,53,58,0,0.00,
2022-05-02,19:51,52,66,6,0.00,
2022-05-02,20:51,50,71,7,0.00,
2022-05-02,21:51,49,76,9,0.00,
2022-05-02,22:51,48,81,8,0.00,
2022-05-02,23:51,49,81,6,0.00,
2022-05-03,00:51,50,66,10,0.00,
2022-05-03,01:51,50,66,11,0.00,
2022-05-03,02:51,49,81,16,0.00,
2022-05-03,03:51,48,81,10,0.05,
2022-05-03,04:51,46,87,13,0.19,
2022-05-03,05:51,46,87,15,0.18,
2022-05-03,06:51,46,87,20,0.19,
2022-05-03,07:51,46,92,16,0.49,
2022-05-03,08:51,47,93,17,0.21,
2022-05-03,09:51,48,87,18,0.00,
2022-05-03,10:51,47,93,22,0.00,
2022-05-03,11:51,47,93,23,0.00,
2022-05-03,12:51,46,93,24,0.00,
2022-05-03,13:51,47,93,23,0.00,
2022-05-03,14:51,47,90,23,0.00,
2022-05-03,15:51,47,93,22,0.00,
2022-05-03,16:51,46,87,23,0.00,
2022-05-03,18:00,45,93,18,0.00,
2022-05-03,18:51,44,87,17,0.00,
2022-05-03,19:51,44,87,17,0.00,
2022-05-03,20:51,44,81,16,0.00,
2022-05-03,21:51,45,81,15,0.00,
2022-05-03,22:51,45,81,18,0.00,
2022-05-03,23:51,45,81,18,0.00,
2022-05-04,00:51,43,81,15,0.00,
2022-05-04,01:51,42,82,16,0.00,
2022-05-04,02:51,40,85,10,0.00,
2022-05-04,03:51,40,85,11,0.00,
2022-05-04,04:51,40,85,10,0.00,
2022-05-04,05:51,40,85,9,0.00,
2022-05-04,06:51,42,82,11,0.00,
2022-05-04,07:51,44,76,13,0.00,
2022-05-04,08:51,47,76,13,0.00,
2022-05-04,09:51,49,71,11,0.00,
2022-05-04,10:51,50,66,11,0.00,
2022-05-04,11:51,51,66,11,0.00,
2022-05-04,12:51,52,71,11,0.00,
2022-05-04,13:51,53,67,11,0.00,
2022-05-04,14:51,54,67,9,0.00,
2022-05-04,15:51,55,62,10,0.00,
2022-05-04,16:51,55,62,9,0.00,
2022-05-04,18:00,52,66,8,0.00,
2022-05-04,18:51,48,66,9,0.00,
2022-05-04,19:51,47,71,7,0.00,
2022-05-04,20:51,45,76,7,0.00,
2022-05-04,21:51,45,76,6,0.00,
2022-05-04,22:51,44,76,9,0.00,
2022-05-04,23:51,43,75,6,0.00,
2022-05-05,00:51,44,70,6,0.00,
2022-05-05,01:51,43,75,0,0.00,
2022-05-05,02:51,43,75,0,0.00,
2022-05-05,03:51,44,76,3,0.00,
2022-05-05,04:51,45,76,6,0.00,
2022-05-05,05:51,46,76,7,0.00,
2022-05-05,06:51,49,71,8,0.00,
2022-05-05,07:51,50,71,5,0.00,
2022-05-05,08:51,51,71,7,0.00,
2022-05-05,09:51,53,67,7,0.00,
2022-05-05,10:51,53,67,7,0.00,
2022-05-05,11:51,52,71,8,0.00,
2022-05-05,12:51,52,76,8,0.00,
2022-05-05,13:51,50,87,7,0.04,
2022-05-05,14:51,51,82,9,0.05,
2022-05-05,15:51,50,87,9,0.03,
2022-05-05,16:51,50,87,10,0.06,
2022-05-05,18:00,50,87,10,m,
2022-05-05,18:51,50,87,7,0.02,
2022-05-05,19:51,50,87,9,0.02,
2022-05-05,20:51,49,87,9,0.00,
2022-05-05,21:51,49,87,14,0.02,
2022-05-05,22:51,46,87,13,0.03,
2022-05-05,23:51,46,93,13,0.03,
2022-05-06,00:51,47,93,13,0.01,
2022-05-06,01:51,48,87,9,0.00,
2022-05-06,02:51,49,93,11,0.00,
2022-05-06,03:51,48,87,14,0.01,
2022-05-06,04:51,49,93,16,0.01,
2022-05-06,05:51,49,93,16,0.04,
2022-05-06,06:51,49,93,14,0.05,
2022-05-06,07:51,49,93,21,0.01,
2022-05-06,08:51,50,89,17,0.02,
2022-05-06,09:51,49,93,21,0.01,
2022-05-06,10:51,49,93,24,0.00,
2022-05-06,11:51,49,87,21,0.01,
2022-05-06,12:51,49,93,20,0.07,
2022-05-06,13:51,49,93,21,0.04,
2022-05-06,14:51,49,81,18,0.01,
2022-05-06,15:51,52,71,16,0.00,
2022-05-06,16:51,52,62,16,0.00,
2022-05-06,18:00,51,62,15,0.00,
2022-05-06,18:51,52,58,16,0.00,
2022-05-06,19:51,51,58,14,0.00,
2022-05-06,20:51,50,62,14,0.00,
2022-05-06,21:51,50,62,10,0.00,
2022-05-06,22:51,50,62,10,0.00,
2022-05-06,23:51,48,66,11,0.00,
2022-05-07,00:51,48,62,9,0.00,
2022-05-07,01:51,47,66,9,0.00,
2022-05-07,02:51,47,61,10,0.00,
2022-05-07,03:51,46,61,9,0.00,
2022-05-07,04:51,46,57,8,0.00,
2022-05-07,05:51,48,57,10,0.00,
2022-05-07,06:51,51,47,10,0.00,
2022-05-07,07:51,54,47,11,0.00,
2022-05-07,08:51,56,42,11,0.00,
2022-05-07,09:51,59,36,8,0.00,
2022-05-07,10:51,61,36,11,0.00,
2022-05-07,11:51,63,34,14,0.00,
2022-05-07,12:51,63,32,15,0.00,
2022-05-07,13:51,62,27,16,0.00,
2022-05-07,14:51,63,27,14,0.00,
2022-05-07,15:51,63,25,15,0.00,
2022-05-07,16:51,62,25,10,0.00,
2022-05-07,18:00,60,27,10,0.00,
2022-05-07,18:51,54,35,10,0.00,
2022-05-07,19:51,50,43,10,0.00,
2022-05-07,20:51,47,53,6,0.00,
2022-05-07,21:51,47,53,5,0.00,
2022-05-07,22:51,46,57,6,0.00,
2022-05-07,23:51,44,62,3,0.00,
2022-05-08,00:51,46,57,3,0.00,
2022-05-08,01:51,45,66,5,0.00,
2022-05-08,02:51,44,70,0,0.00,
2022-05-08,03:51,45,70,5,0.00,
2022-05-08,04:51,45,70,3,0.00,
2022-05-08,05:51,48,62,8,0.00,
2022-05-08,06:51,53,47,10,0.00,
2022-05-08,07:51,58,41,15,0.00,
2022-05-08,08:51,59,48,13,0.00,
2022-05-08,09:51,63,48,10,0.00,
2022-05-08,10:51,63,48,10,0.00,
2022-05-08,11:51,64,45,10,0.00,
2022-05-08,12:51,65,49,10,0.00,
2022-05-08,13:51,63,48,15,0.00,
2022-05-08,14:51,64,49,17,0.00,
2022-05-08,15:51,64,49,14,0.00,
2022-05-08,16:51,64,49,13,0.00,
2022-05-08,18:00,63,52,11,0.00,
2022-05-08,18:51,61,55,9,0.00,
2022-05-08,19:51,62,52,13,0.00,
2022-05-08,20:51,61,51,11,0.00,
2022-05-08,21:51,60,51,10,0.00,
2022-05-08,22:51,59,55,10,0.00,
2022-05-08,23:51,58,55,10,0.00,
2022-05-09,00:51,58,55,10,0.00,
2022-05-09,01:51,57,55,13,0.00,
2022-05-09,02:51,57,59,11,0.00,
2022-05-09,03:51,56,62,9,0.00,
2022-05-09,04:51,56,62,11,0.00,
2022-05-09,05:51,57,63,10,0.00,
2022-05-09,06:51,60,59,14,0.00,
2022-05-09,07:51,65,56,18,0.00,
2022-05-09,08:51,67,60,17,0.00,
2022-05-09,09:51,70,56,21,0.00,
2022-05-09,10:51,73,53,16,0.00,
2022-05-09,11:51,77,47,18,0.00,
2022-05-09,12:51,77,51,22,0.00,
2022-05-09,13:51,82,48,23,0.00,
2022-05-09,14:51,82,48,25,0.00,
2022-05-09,15:51,82,48,23,0.00,
2022-05-09,16:51,81,48,23,0.00,
2022-05-09,18:00,80,48,15,m,
2022-05-09,18:51,78,48,20,0.00,
2022-05-09,19:51,76,61,15,0.00,
2022-05-09,20:51,75,61,21,0.00,
2022-05-09,21:51,74,65,18,0.00,
2022-05-09,22:51,73,65,18,0.00,
2022-05-09,23:51,72,69,13,0.00,